"0"; "0"; "0"; "b'O Dia da Matem\xc3\xa1tica, tamb\xc3\xa9m conhecido como Dia do Matem\xc3\xa1tico ou Dia Nacional da Matem\xc3\xa1tica, \xc3\xa9 celebrado anualmente em 6 de maio.\n\nA data \xc3\xa9 destinada a homenagear os profissionais dedicados a essa \xc3\xa1rea do conhecimento, considerada essencial para o processo de evolu\xc3\xa7\xc3\xa3o das sociedades.\n\nAl\xc3\xa9m disso, o dia visa incentivar o interesse dos alunos pela matem\xc3\xa1tica, a partir da aplica\xc3\xa7\xc3\xa3o de metodologias de ensino din\xc3\xa2micas e did\xc3\xa1ticas por parte das escolas.\n\n#Matem\xc3\xa1tica #DiaDaMatem\xc3\xa1tica #DiaDoMatem\xc3\xa1tico #ProfessorDeMatem\xc3\xa1tica #Professor #AulaDeMatem\xc3\xa1tica #Escola #gizbranco'"
"1"; "0"; "0"; "b'Professor (a), como voc\xc3\xaa cria suas avalia\xc3\xa7\xc3\xb5es (provas, testes e simulados) hoje? \xf0\x9f\x93\x8b\xf0\x9f\x93\xb0\xf0\x9f\x93\x9a Conhe\xc3\xa7a a #gizbranco! #CriarProvas #Avalia\xc3\xa7\xc3\xb5es #Simulados #Testes #Escola #Professor #Professora #Professores #ProfessoresDoBrasil'"
"2"; "0"; "0"; "b'O Portal Revista Educa\xc3\xa7\xc3\xa3o revelou um trabalho do Cieb (Centro de Inova\xc3\xa7\xc3\xa3o para a Educa\xc3\xa7\xc3\xa3o Brasileira), para ajudar gestores p\xc3\xbablicos a incluir recursos nas redes e melhorar processo de ensino-aprendizagem, por meio de novas tecnologias.\n\nSegundo o Cieb, uma implementa\xc3\xa7\xc3\xa3o de sucesso precisa dar conta de quatro fatores.\n\n1. Vis\xc3\xa3o\nSaber com qual finalidade a rede vai usar a tecnologia, como e por que integr\xc3\xa1-la no curr\xc3\xadculo.\n\n2. Compet\xc3\xaancia\nOs profissionais precisam ser capacitados para desenvolver as compet\xc3\xaancias necess\xc3\xa1rias.\n\n3. Recursos educativos\nDeve haver dispon\xc3\xadveis materiais digitais de qualidade para que o professor possa selecionar.\n\n4. Equipamento e conectividade\nNada vai funcionar sem os dispositivos adequados e uma internet de banda larga. (Fonte: Revista Educa\xc3\xa7\xc3\xa3o)\n\n#Educa\xc3\xa7\xc3\xa3o #Cieb #gizbranco #Inova\xc3\xa7\xc3\xa3o #Tecnologia #Professor #Escola #GestorEscolar #RevistaEduca\xc3\xa7\xc3\xa3o'"
"3"; "0"; "0"; "b'Nas aulas dos professores exemplares frequentemente h\xc3\xa1 um processo de passagem de conhecimento recorrente cuja melhor descri\xc3\xa7\xc3\xa3o pode ser "Eu/N\xc3\xb3s/Voc\xc3\xaas".\nEste nome indica uma aula em que a responsabilidade pelo conhecimento e pela capacidade de aplic\xc3\xa1-lo \xc3\xa9 gradualmente transferida do professor para o aluno.\nA progress\xc3\xa3o come\xc3\xa7a com a etapa "Eu", em que o professor passa adiante, da maneira mais direta poss\xc3\xadvel, as informa\xc3\xa7\xc3\xb5es-chave ou a estrutura do processo que est\xc3\xa1 sendo ensinado ao orientar os alunos por meio de exemplos ou de aplica\xc3\xa7\xc3\xb5es desse conhecimento.\nNa etapa "N\xc3\xb3s", o professor inicialmente pede ajuda a seus alunos em alguns momentos-chave e depois, gradualmente, permite que eles resolvam problemas interferindo cada vez menos na tarefa.\nFinalmente, na etapa "Voc\xc3\xaas", ele d\xc3\xa1 aos alunos m\xc3\xbaltiplas oportunidades de praticar sozinhos\n\nGostou dessa dica?\n\nPara conhecer essas e outras mais, que tal conhecer o livro "Aula Nota 10" do Doug Lemov, que usamos como base para preparar esse conte\xc3\xbado. Recomendamos a leitura!\n>> Link na bio ou acesse https://amzn.to/2QHMpxs\n\n#Planejamento #Conhecimento #PlanejamentoDeAula #Professora #Professor #Aluna #Aluno #Aprendizado #AulaNota10 #DougLemov #Ensino #Sucesso #Escola #Col\xc3\xa9gio #Professores #DicasEscolares #DicasParaUmaAulaPerfeita #AulaPerfeita'"
"4"; "0"; "0"; "b'"Ser professor \xc3\xa9 ser um pai...\xe2\xa0\x80\nUm verdadeiro professor n\xc3\xa3o \xc3\xa9 apenas aquele que ensina sobre determinado assunto. Ser professor \xc3\xa9 tamb\xc3\xa9m ser um guia e um pai que est\xc3\xa1 dispon\xc3\xadvel para todas as dificuldades dos seus alunos.\xe2\xa0\x80\nEu tive a sorte de encontrar um professor preocupado, atencioso e interessado em tocar o cora\xc3\xa7\xc3\xa3o de cada pessoa a quem d\xc3\xa1 as suas aulas. Obrigado por ser como um pai e por tornar a aprendizagem em uma experi\xc3\xaancia magn\xc3\xadfica!"\xe2\xa0\x80\nParab\xc3\xa9ns aos pais e professores!\xe2\xa0\x80\n#gizbranco #diadospais #professor #paieprofessor \xe2\xa0\x80\n\xe2\xa0\x80'"
"5"; "0"; "0"; "b'6 filmes com hist\xc3\xb3rias de professores inspiradores para ver na Netflix "Um professor inspirador pode fazer toda a diferen\xc3\xa7a na vida do seu aluno. E como dizem que a arte imita a vida ou a vida imita a arte, no cinema tamb\xc3\xa9m n\xc3\xa3o poderia ser diferente. Pensando nisso, o Porvir fez uma sele\xc3\xa7\xc3\xa3o de filmes da plataforma Netflix que reafirmam o papel transformador da educa\xc3\xa7\xc3\xa3o e a import\xc3\xa2ncia do trabalho desempenhado por um docente comprometido." Veja mais em: http://porvir.org/6-filmes-historias-de-professores-inspiradores-para-ver-netflix/\n\nProfessor, que outros filmes inspiradores voc\xc3\xaa recomendaria para outros professores ou para seus alunos?\n\nAcesse https://gizbranco.com.br e inscreva-se!\n#gizbranco #netflix #educa\xc3\xa7\xc3\xa3o #ferramentaeducacional'"
"6"; "0"; "0"; "b'#diadaindepend\xc3\xaanciadobrasil #brasil #gizbranco #independ\xc3\xaancia #independ\xc3\xaanciadobrasil'"
"7"; "0"; "0"; "b'O Dia Nacional da Consci\xc3\xaancia Negra \xc3\xa9 celebrado hoje! A ocasi\xc3\xa3o \xc3\xa9 dedicada \xc3\xa0 reflex\xc3\xa3o sobre a inser\xc3\xa7\xc3\xa3o do negros na sociedade brasileira.\nA data foi escolhida por coincidir com o dia atribu\xc3\xaddo \xc3\xa0 morte de Zumbi dos Palmares, em 1695.\n#consci\xc3\xaancianegra #consci\xc3\xaancia #hist\xc3\xb3ria #brasil #zumbi'"
"8"; "0"; "0"; "b'O Dia Nacional do Livro \xc3\xa9 comemorado anualmente em 29 de outubro.\xe2\xa0\x80\n\xe2\xa0\x80\nA data celebra uma das inven\xc3\xa7\xc3\xb5es mais enriquecedoras do ser humano: o livro!\xe2\xa0\x80\n\xe2\xa0\x80\nO livro pode ser uma fonte inesgot\xc3\xa1vel de conhecimento, transportando os leitores para os lugares mais espetaculares da imagina\xc3\xa7\xc3\xa3o humana, al\xc3\xa9m de informar e ajudar a diversificar o vocabul\xc3\xa1rio das pessoas.\xe2\xa0\x80\n\xe2\xa0\x80\n#gizbranco #livros #leitura #professor #escola'"
"9"; "0"; "0"; "b'"Educa\xc3\xa7\xc3\xa3o nunca foi despesa. Sempre foi investimento com retorno garantido." - Sir Arthur Lewis \xe2\xa0\x80\n\xe2\xa0\x80\n#gizbranco #sirarthurlewis #educa\xc3\xa7\xc3\xa3o #investimento'"
"10"; "0"; "0"; "b'O Dia Nacional da Mulher \xc3\xa9 celebrado hoje no Brasil.\n\nEsta data foi criada para refor\xc3\xa7ar o desenvolvimento e reeduca\xc3\xa7\xc3\xa3o social sobre os direitos que as mulheres devem ter na sociedade. Isso porque, ao longo dos anos, as mulheres enfrentaram muitas restri\xc3\xa7\xc3\xb5es nas diversas sociedades predominantemente machistas e patriarcais.\n\nAssim como o Dia Internacional da Mulher, comemorado em 8 de mar\xc3\xa7o, o Dia Nacional da Mulher tamb\xc3\xa9m homenageia e lembra a luta das mulheres na conquista de seus direitos.\n\n#Mulher #DiaNacionalDaMulher #Educa\xc3\xa7\xc3\xa3o #Professora #gizbranco #Escola #Col\xc3\xa9gio #Provas #Quest\xc3\xb5es'"
"11"; "0"; "0"; "b'Professor, editar suas provas na plataforma gizbranco nunca foi t\xc3\xa3o simples e f\xc3\xa1cil!\nVeja esse tutorial e entenda.\nInscreva-se no nosso site para usar a melhor plataforma de edi\xc3\xa7\xc3\xa3o e cria\xc3\xa7\xc3\xa3o de provas.\nAproveite, \xc3\xa9 de gra\xc3\xa7a!\nComece a usar agora! Acesse https://gizbranco.com.br\ngizbranco - criar provas nunca foi t\xc3\xa3o F\xc3\x81CIL e R\xc3\x81PIDO!\n#gizbranco #criarprovas #bancodequest\xc3\xb5es #ENEM #professor'"
"12"; "0"; "0"; "b'\xf0\x9f\x87\xa7\xf0\x9f\x87\xb7 O descobrimento do Brasil refere-se \xc3\xa0 chegada oficial, em 22 de abril de 1500, da frota comandada por Pedro \xc3\x81lvares Cabral ao territ\xc3\xb3rio denominado Ilha de Vera Cruz. \xf0\x9f\x87\xb5\xf0\x9f\x87\xb9\xf0\x9f\x87\xa7\xf0\x9f\x87\xb7O encontro entre os portugueses e os \xc3\xadndios foi um verdadeiro choque cultural. Eles ficaram curiosos com os objetos, animais, metais e com as roupas.\n\nNo in\xc3\xadcio, o objetivo dos portugueses era catequizar os \xc3\xadndios, mas depois iniciou-se o processo de coloniza\xc3\xa7\xc3\xa3o do Brasil e extra\xc3\xa7\xc3\xa3o das mat\xc3\xa9rias-primas do pa\xc3\xads, como o pau-brasil, por exemplo, fazendo com que a comunidade ind\xc3\xadgena fosse fortemente escravizada.\n\n#Brasil #DescobrimentoDoBrasil #Hist\xc3\xb3ria #\xc3\x8dndios #Portugueses #gizbranco #Educa\xc3\xa7\xc3\xa3o #Escolas #Provas #Quest\xc3\xb5es'"
"13"; "0"; "0"; "b'Saber quais quest\xc3\xb5es escolher \xc3\xa9 essencial para a cria\xc3\xa7\xc3\xa3o de uma prova e prepara\xc3\xa7\xc3\xa3o dos alunos para o vestibular. Com a gizbranco, o professor consegue consultar estat\xc3\xadsticas que o auxiliam na cria\xc3\xa7\xc3\xa3o de provas, testes e simulados. Aproveite!\n#gizbranco #criarprovas #estatisticasdevestibular #ENEM #vestibular #professores #professor'"
"14"; "0"; "0"; "b'N\xc3\x83O COMPRE NADA AT\xc3\x89 SEXTA \xf0\x9f\x98\xb2\n\nEntramos no clima de Black Friday e resolvemos presentear todos que curtem a gizbranco com uma SUPER OFERTA!\n\nEspere at\xc3\xa9 o dia 23 de novembro, a partir de 0h01, para conhecer a promo\xc3\xa7\xc3\xa3o e poder adquirir o plano que voc\xc3\xaa sempre sonhou!\n\n#gizbranco #blackfriday #promo\xc3\xa7\xc3\xa3o #professores #criarprova #quest\xc3\xb5es #vestibular #escola'"
"15"; "0"; "0"; "b'Busque por quest\xc3\xb5es do #ENEM, personalize sua prova, insira suas pr\xc3\xb3prias quest\xc3\xb5es e muito mais com a plataforma #gizbranco\n#plataformagizbranco #plataformaescolar #criarprovas #professor #bancodequestoes'"
"16"; "0"; "0"; "b'O site Brasil Escola listou algumas dicas para tornar as aulas de Geografia mais atrativas para os alunos, confira os t\xc3\xb3picos:\n1. A curiosidade deixa tudo mais interessante\n2. Considere a realidade do aluno por aplica\xc3\xa7\xc3\xa3o ou por analogias\n3. Utilize m\xc3\xbasicas ou filmes para introduzir o assunto\n4. Fa\xc3\xa7a jogos ou outras pr\xc3\xa1ticas l\xc3\xbadicas\n5. Coloque os alunos para resolver situa\xc3\xa7\xc3\xb5es-problema\n\nLeia a not\xc3\xadcia completa em: https://goo.gl/Nj9g1m\nProfessor, curtiu essas dicas?\n#gizbranco #geografia #professor #aluno #escola #aula'"
"17"; "0"; "0"; "b'"Ningu\xc3\xa9m \xc3\xa9 t\xc3\xa3o grande que n\xc3\xa3o possa aprender, nem t\xc3\xa3o pequeno que n\xc3\xa3o possa ensinar." - Esopo\xe2\xa0\x80\n#gizbranco #esopo #pensador #educa\xc3\xa7\xc3\xa3o #ensinar #aprender'"
"18"; "0"; "0"; "b'15 de Novembro - Dia da Proclama\xc3\xa7\xc3\xa3o da Rep\xc3\xbablica\n"A Proclama\xc3\xa7\xc3\xa3o da Rep\xc3\xbablica Brasileira aconteceu no dia 15 de novembro de 1889. Resultado de um levante pol\xc3\xadtico-militar que deu inicio \xc3\xa0 Rep\xc3\xbablica Federativa Presidencialista. Fica marcada a figura de Marechal Deodoro da Fonseca como respons\xc3\xa1vel pela efetiva proclama\xc3\xa7\xc3\xa3o e como primeiro Presidente da Rep\xc3\xbablica brasileira em um governo provis\xc3\xb3rio (1889-1891)."\nFonte: https://goo.gl/TmZNZU'"
"19"; "0"; "0"; "b'Hoje \xc3\xa9 o Dia Internacional do Livro Infantil. \xf0\x9f\x93\x9a\nSegundo Bamberguerd (2000), a crian\xc3\xa7a que l\xc3\xaa com maior desenvoltura se interessa pela leitura e aprende mais facilmente. Neste sentido, a crian\xc3\xa7a interessada em aprender se transforma num leitor capaz. Sendo assim, pode-se dizer que a capacidade de ler est\xc3\xa1 intimamente ligada a motiva\xc3\xa7\xc3\xa3o. Infelizmente s\xc3\xa3o poucos os pais que se dedicam efetivamente em estimular esta capacidade nos seus filhos. Outro fator que contribui positivamente em rela\xc3\xa7\xc3\xa3o \xc3\xa0 leitura \xc3\xa9 a influ\xc3\xaancia do professor. Nesta perspectiva, cabe ao professor desempenhar um importante papel: o de ensinar a crian\xc3\xa7a a ler e a gostar de ler. (trecho de artigo do site Brasil Escola)\n\n#professor #leitura #diainternacionaldolivroinfantil #livroinfantil #literatura #crian\xc3\xa7a #aluno #educa\xc3\xa7\xc3\xa3o #gizbranco #inf\xc3\xa2ncia'"
"20"; "0"; "0"; "b'Arraste para o lado e veja como colaborar com outros professores e ainda ganhar com isso!\nN\xc3\xa3o perca tempo! \xe2\x9c\x85 Acesse o link! \xf0\x9f\x93\x9dhttps://questoes.gizbranco.com.br/\n#gizbranco #quest\xc3\xb5es #professor #colaborador #classifiquequest\xc3\xb5es #educa\xc3\xa7\xc3\xa3o #ganhe #colabore'"
"21"; "0"; "0"; "b'Porque usar uma plataforma para cria\xc3\xa7\xc3\xa3o de provas \xc3\xa9 a melhor coisa que voc\xc3\xaa far\xc3\xa1 para si mesmo, seus alunos, sua escola e at\xc3\xa9 mesmo sua fam\xc3\xadlia.\n\nJ\xc3\xa1 parou para pensar em quanto tempo voc\xc3\xaa gasta para elabora\xc3\xa7\xc3\xa3o de uma prova? E o tempo que leva para cria\xc3\xa7\xc3\xa3o de simulados e exerc\xc3\xadcios?\n\nComplicado, n\xc3\xa3o \xc3\xa9?\n\nPare de perder tempo e crie provas de qualidade em menos de 5 minutos >> Link na bio ou acesse http://bit.ly/elaborar-provas\n\n#gizbranco #ElaborarProvas #CriarProvas #BancoDeQuest\xc3\xb5es #Professor #Professora #Professores #Escola #Col\xc3\xa9gio #SaaS #SaaSEduca\xc3\xa7\xc3\xa3o'"
"22"; "0"; "0"; "b'Em alguns estados brasileiros, hoje \xc3\xa9 celebrado o dia do Diretor de Escola, um profissional respons\xc3\xa1vel por gerir e administrar as decis\xc3\xb5es da escola, colaborando para construir um bom ambiente para os professores, alunos e demais colaboradores dos col\xc3\xa9gios.\n\nParab\xc3\xa9ns!! #diretorescolar #diretor #escola #col\xc3\xa9gio #professor #gizbranco'"
"23"; "0"; "0"; "b'\xe2\x9a\xa0 Deixa eu te fazer 3 perguntas... 1. Quanto tempo voc\xc3\xaa gasta criando suas provas, testes e simulados? 1 hora por m\xc3\xaas? 5 horas por m\xc3\xaas? 10 horas por m\xc3\xaas?\n\n2. Voc\xc3\xaa \xc3\xa9 remunerado por esse \xe2\x80\x9ctrabalho extra fora da sala de aula\xe2\x80\x9d? 3. Gostaria de ter mais tempo para se dedicar ao conte\xc3\xbado que precisa ser ensinado dentro da sala de aula? Ou melhor, passar mais tempo com quem voc\xc3\xaa mais gosta?\n\nEssas s\xc3\xa3o perguntas que fazemos aos professores e todas elas t\xc3\xaam rela\xc3\xa7\xc3\xa3o com os dois "grandes problemas" que impedem que voc\xc3\xaa seja bem sucedido na cria\xc3\xa7\xc3\xa3o de provas e, consequentemente, na gera\xc3\xa7\xc3\xa3o de valor para seus alunos e na qualidade de vida para voc\xc3\xaa mesmo. \xe2\x9e\xa1 Grande Problema #1: Falta de produtividade \xe2\x9e\xa1 Grande Problema #2: Falta de Organiza\xc3\xa7\xc3\xa3o e Planejamento \xf0\x9f\x92\xa1 Foi pensando nesses problemas que criamos a plataforma gizbranco. Uma plataforma de cria\xc3\xa7\xc3\xa3o e edi\xc3\xa7\xc3\xa3o de provas online, contando com mais de 6 mil quest\xc3\xb5es, com resolu\xc3\xa7\xc3\xa3o e gabarito, na qual voc\xc3\xaa pode editar ou inserir as suas pr\xc3\xb3prias, em um mesmo ambiente, com total privacidade, pois s\xc3\xb3 voc\xc3\xaa ter\xc3\xa1 acesso a elas. \xf0\x9f\x93\x96 Todas as quest\xc3\xb5es utilizadas e provas criadas ficam armazenadas online, de forma que podem ser acessadas de onde, quando e como quiserem. \xf0\x9f\x93\x8a Al\xc3\xa9m disso, voc\xc3\xaa tem acesso \xc3\xa0 estat\xc3\xadsticas e informa\xc3\xa7\xc3\xb5es de vestibulares em tempo real para que possa se planejar da melhor forma poss\xc3\xadvel.\n\nIsso que para n\xc3\xb3s \xc3\xa9 efici\xc3\xaancia e gest\xc3\xa3o! \xe2\x9c\x85 \xc3\x89 exatamente isso que a gizbranco pode fazer por voc\xc3\xaa. Crie provas de maneira simples e f\xc3\xa1cil, com banco de quest\xc3\xb5es e com provas totalmente personalizada atrav\xc3\xa9s deste link: https://gizbranco.com.br\n\nUma plataforma feita para professores!\n\nEsperamos que a gizbranco seja muito \xc3\xbatil auxiliando o seu trabalho,\n\nGrande Abra\xc3\xa7o professor(a),\nEquipe gizbranco *PS: Segue o link para se cadastrar direto gratuitamente: https://gizbranco.com.br/cadastro\n\n#gizbranco #plataformaparaprofessores #professores #criarprovas #bancodequestoes #escolas #cursinho #prevestibular'"
"24"; "0"; "0"; "b'E se existisse uma "f\xc3\xb3rmula m\xc3\xa1gica" de cria\xc3\xa7\xc3\xa3o de avalia\xc3\xa7\xc3\xb5es e com boa qualidade... n\xc3\xa3o seria fant\xc3\xa1stico? \xf0\x9f\x98\x81\xe2\xa0\x80\n\xe2\xa0\x80\nInfelizmente, essa "f\xc3\xb3rmula m\xc3\xa1gica" *AINDA* n\xc3\xa3o existe. \xf0\x9f\xa4\x94\xe2\xa0\x80\n\xe2\xa0\x80\nMas existem pontos que devem ser levados em considera\xc3\xa7\xc3\xa3o na hora de elaborar qualquer avalia\xc3\xa7\xc3\xa3o, de qualquer mat\xc3\xa9ria. \xe2\xa0\x80\n\xe2\xa0\x80\nVoc\xc3\xaa sabe quais s\xc3\xa3o? \xf0\x9f\xa4\x93\xe2\xa0\x80\n\xc3\x89 sobre esses pontos que o nosso novo artigo trata...\xe2\xa0\x80\n\xe2\xa0\x80\nAcesse nosso blog!\xe2\xa0\x80\n\xe2\xa0\x80\n\xe2\x98\x91 https://blog.gizbranco.com.br/o-guia-definitivo-para-criar-melhores-avaliacoes/\xe2\xa0\x80\n\xe2\xa0\x80\n#gizbranco #criarprovas #avalia\xc3\xa7\xc3\xb5es #professor #professores'"
"25"; "0"; "0"; "b'A gizbranco \xc3\xa9 uma plataforma em que o professor consegue armazenar quest\xc3\xb5es, sejam as pesquisadas no nosso banco de quest\xc3\xb5es ou as inseridas pelo pr\xc3\xb3prio usu\xc3\xa1rio.\nAssim, al\xc3\xa9m das provas, as quest\xc3\xb5es tamb\xc3\xa9m estar\xc3\xa3o organizadas para serem encontradas com rapidez.\n\nComece a usar agora!\n\ngizbranco - criar provas nunca foi t\xc3\xa3o F\xc3\x81CIL e R\xc3\x81PIDO!\n#gizbranco #criarprovas #professores #professor #plataformagizbranco #bancodequest\xc3\xb5es #questoes #provas #vestibular #ENEM'"
"26"; "0"; "0"; "b'Como voc\xc3\xaa tem preparado seus alunos para o vestibular?\n\nVeja quais s\xc3\xa3o os SEGREDOS DO SUCESSO NO ENEM e sabia qual a import\xc3\xa2ncia dos simulados na prepara\xc3\xa7\xc3\xa3o para o maior vestibular do Brasil.\n\nVeja o artigo no blog da gizbranco >> https://blog.gizbranco.com.br/importancia-dos-simulados-na-preparacao-para-o-enem/\n#enem #vestibular #provas #simulados #alunos #professores #escola #gizbranco'"
"27"; "0"; "0"; "b'A vers\xc3\xa3o beta da plataforma gizbranco est\xc3\xa1 NO AR!\n\nSabe o melhor? Ela est\xc3\xa1 DE GRA\xc3\x87A por tempo limitado!\n\nComece a usar a melhor ferramenta para cria\xc3\xa7\xc3\xa3o de provas e compartilhe com seus amigos para eles n\xc3\xa3o perderem essa oportunidade!\nCom a gizbranco voc\xc3\xaa poder\xc3\xa1 criar suas provas em pouco tempo, podendo editar e personalizar como desejar, inserir suas pr\xc3\xb3prias quest\xc3\xb5es para usar quando quiser, al\xc3\xa9m de contar com um banco de quest\xc3\xb5es do ENEM! N\xc3\xa3o \xc3\xa9 fant\xc3\xa1stico?! Comece a usar agora! Acesse https://gizbranco.com.br e cadastre-se para usar!\ngizbranco - criar provas nunca foi t\xc3\xa3o F\xc3\x81CIL e R\xc3\x81PIDO!\n\n#gizbranco #criarprovas #bancodequest\xc3\xb5es #ENEM #professor'"
"28"; "0"; "0"; "b'"Quando uma mente \xc3\xa9 ampliada por uma ideia nova, ela nunca retornar\xc3\xa1 ao seu tamanho original." - Oliver Wendell Holmes\xe2\xa0\x80\n\xe2\xa0\x80\n#frases #pensamentos #oliverwendellholmes #professor #educacao #ideia #mente #gizbranco'"
"29"; "0"; "0"; "b'Na gizbranco, tudo o que voc\xc3\xaa faz fica armazenado na nuvem para acessar de onde quiser. Inclusive, do celular voc\xc3\xaa consegue baixar as provas, listas e testes para compartilhar com coordenadores ou alunos! Veja como criar provas pode ser simples e r\xc3\xa1pido com a gizbranco! Acesse https://gizbranco.com.br e inscreva-se! \xc3\x89 de gra\xc3\xa7a!\n#gizbranco #provas #criarprovas #ENEM #professores #professor #escola #colegio #curso'"
"30"; "0"; "0"; "b'Professor, inserir quest\xc3\xb5es pr\xc3\xb3prias na plataforma gizbranco nunca foi t\xc3\xa3o simples e f\xc3\xa1cil.\nDeixe de lado as pastas no computador, os livros antigos e o ac\xc3\xbamulo de papel.\nVeja esse tutorial e entenda.\nInscreva-se no nosso site para usar a melhor plataforma de edi\xc3\xa7\xc3\xa3o e cria\xc3\xa7\xc3\xa3o de provas.\nAproveite, \xc3\xa9 de gra\xc3\xa7a!\nComece a usar agora! Acesse https://gizbranco.com.br\ngizbranco - criar provas nunca foi t\xc3\xa3o F\xc3\x81CIL e R\xc3\x81PIDO!\n#gizbranco #criarprovas #bancodequest\xc3\xb5es #ENEM #professor'"
"31"; "0"; "0"; "b'Professor! Voc\xc3\xaa sabe, realmente, o que a plataforma gizbranco pode te oferecer de benef\xc3\xadcios?\nVeja algumas vantagens... - GANHE TEMPO, tendo assim, mais tempo para sua fam\xc3\xadlia e amigos;\n- MANTENHA-SE ORGANIZADO, pois todas suas provas ficam organizadas para voc\xc3\xaa encontrar com rapidez;\n- ARMAZENE SUAS QUEST\xc3\x95ES e tenha todas suas provas e quest\xc3\xb5es organizadas para voc\xc3\xaa;\n- CONSULTE ESTAT\xc3\x8dSTICAS do ENEM para ajudar voc\xc3\xaa a montar suas provas;\n- ACESSE DE ONDE QUISER, o que voc\xc3\xaa faz fica armazenado na nuvem para acessar de onde quiser;\n- SEGURAN\xc3\x87A, todas suas informa\xc3\xa7\xc3\xb5es, provas e quest\xc3\xb5es ficam seguras na sua conta.\n\nQuer saber COMO conseguir tudo isso? >> Conhe\xc3\xa7a as funcionalidades da gizbranco! (http://blog.gizbranco.com.br/conheca-as-funcionalidades-da-gizbranco/) Acesse nosso blog e veja todas as funcionalidades da plataforma gizbranco!\n(http://blog.gizbranco.com.br/conheca-as-funcionalidades-da-gizbranco/) #gizbranco #professores #quest\xc3\xb5es #provas #plataforma #funcionalidades'"
"32"; "0"; "0"; "b'Voc\xc3\xaa sabe qual a import\xc3\xa2ncia de se ter uma boa gest\xc3\xa3o escolar? Qual o impacto da gest\xc3\xa3o escolar nas atividades pedag\xc3\xb3gicas e no aprendizado dos alunos?\n\nA gest\xc3\xa3o escolar \xc3\xa9 a chave para o bom desenvolvimento do aprendizado!\n\nQuer saber mais sobre o tema? Leia nosso novo artigo no blog da gizbranco.\n\nAcesse: https://bit.ly/2VSfgjB\n\n#Gest\xc3\xa3oEscolar #Gest\xc3\xa3oPedag\xc3\xb3gica #Escola #Professor #gizbranco'"
"33"; "0"; "0"; "b'Mestres na arte de ensinar, encantar e envolver.\xe2\xa0\x80\n\xe2\xa0\x80\nFeliz Dia dos Professores!\xe2\xa0\x80\n\xe2\xa0\x80\nHoje, 15 de Outubro, \xc3\xa9 comemorado o SEU DIA! Voc\xc3\xaa \xc3\xa9 um dos profissionais mais importantes em nosso pa\xc3\xads.\xe2\xa0\x80\n\xe2\xa0\x80\nProfessor, para n\xc3\xb3s, voc\xc3\xaa \xc3\xa9 a figura mais importante no processo educacional, respons\xc3\xa1vel na forma\xc3\xa7\xc3\xa3o de nossos cidad\xc3\xa3os, que nos ensina desde cedo sobre as diversas \xc3\xa1reas do conhecimento humano, sobre a vida e a sociedade.\xe2\xa0\x80\n\xe2\xa0\x80\nVoc\xc3\xaa \xc3\xa9 um facilitador de conhecimento que gera no estudante a d\xc3\xbavida, a reflex\xc3\xa3o e a contesta\xc3\xa7\xc3\xa3o.\xe2\xa0\x80\n\xe2\xa0\x80\nComo forma de agradecimento e em comemora\xc3\xa7\xc3\xa3o ao seu dia, hoje estamos disponibilizando uma GRANDE OFERTA!\xe2\xa0\x80\n\xe2\xa0\x80\n\xe2\x98\x91 + de 50% de desconto na aquisi\xc3\xa7\xc3\xa3o dos planos B\xc3\xa1sico ou Plus da plataforma gizbranco\xe2\xa0\x80\n\xe2\xa0\x80\n\xe2\x98\x91 + B\xc3\xb4nus, que s\xc3\xb3 os professores cadastrados saber\xc3\xa3o os benef\xc3\xadcios!\xe2\xa0\x80\n\xe2\xa0\x80\nPara saber mais cadastre-se:\xe2\xa0\x80\n\xe2\xa0\x80\n- https://gizbranco.com.br/\xe2\xa0\x80\n\xe2\xa0\x80\nOu acesse diretamente:\xe2\xa0\x80\n\xe2\xa0\x80\n- https://goo.gl/Nm7KuJ\xe2\xa0\x80\n\xe2\xa0\x80\n#gizbranco #diadoprofessor #diadomestre #professor #mestre #ensinar #promocao'"
"34"; "0"; "0"; "b'"A tarefa essencial do professor \xc3\xa9 despertar a alegria de trabalhar e de conhecer." - Albert Einstein\xe2\xa0\x80\n\xe2\xa0\x80\n#frases #pensamentos #einstein #alberteinstein #professor #ensinar #trabalhar #conhecer #gizbranco'"
"35"; "0"; "0"; "b'"A educa\xc3\xa7\xc3\xa3o alimenta a confian\xc3\xa7a. A confian\xc3\xa7a alimenta a esperan\xc3\xa7a. A esperan\xc3\xa7a alimenta a paz." - Conf\xc3\xbacio\xe2\xa0\x80\n\xe2\xa0\x80\n#frases #pensamentos #confucio #professor #educacao #confianca #esperanca #paz #gizbranco\xe2\xa0\x80\n\xe2\xa0\x80'"
"36"; "0"; "0"; "b'Parab\xc3\xa9ns aos ge\xc3\xb3grafos, principalmente aos professores de Geografia!\n\nEsta data homenageia os profissionais respons\xc3\xa1veis em estudar todos os aspectos geogr\xc3\xa1ficos de determinada regi\xc3\xa3o. Al\xc3\xa9m disso, os ge\xc3\xb3grafos tamb\xc3\xa9m ajudam a analisar os processos de transforma\xc3\xa7\xc3\xa3o dos espa\xc3\xa7os urbanos e naturais.\n\n#Ge\xc3\xb3grafo #DiaDoGe\xc3\xb3grafo #Geografia #ProfessorDeGeografia #Professor #gizbranco'"
"37"; "0"; "0"; "b'Chega de pilhas de provas atrapalhando a sua organiza\xc3\xa7\xc3\xa3o. Manter tudo organizado, de maneira virtual, \xc3\xa9 mais um dos benef\xc3\xadcios que a gizbranco oferece para voc\xc3\xaa, professor!\nMantenha-se organizado com a gizbranco!\nComece a usar agora! Acesse https://gizbranco.com.br\ngizbranco - criar provas nunca foi t\xc3\xa3o F\xc3\x81CIL e R\xc3\x81PIDO!\n#gizbranco #criarprovas #professores #professor #bancodequest\xc3\xb5es #questoes #provas #vestibular #ENEM'"
"38"; "0"; "0"; "b'Parab\xc3\xa9ns ao professores de Biologia e Bi\xc3\xb3logos!\nEsta data homenageia o profissional que se dedica ao estudo e pesquisa sobre todos os seres vivos, desde a sua origem, estrutura, evolu\xc3\xa7\xc3\xa3o, fun\xc3\xa7\xc3\xb5es e etc. O seu trabalho tamb\xc3\xa9m \xc3\xa9 de extrema import\xc3\xa2ncia para combater o controle de pragas e garantir a preserva\xc3\xa7\xc3\xa3o ambiental.\n#biologia #biologo #professor #gizbranco'"
"39"; "0"; "0"; "b'Um #FelizNatal para todos os professores, colaboradores e seguidores que nos acompanham nessa jornada! \nObrigado aos professores que nos ajudaram a chegar at\xc3\xa9 aqui! Em 2018 teremos muitas novidades, afinal, somos capazes de coisas incr\xc3\xadveis quando estamos conectados!\n#BoasFestas #Professores #gizbranco #Escolas #Provas #Natal #Festas'"
"40"; "0"; "0"; "b'"Ensinar \xc3\xa9 um exerc\xc3\xadcio de imortalidade. De alguma forma continuamos a viver naqueles cujos olhos aprenderam a ver o mundo pela magia da nossa palavra. O professor, assim, n\xc3\xa3o morre jamais..." - Rubem Alves \xe2\xa0\x80\n\xe2\xa0\x80\n#frases #pensamentos #rubemalves #professor #ensinar #gizbranco'"
"41"; "0"; "0"; "b'Hoje \xc3\xa9 dia do Orientador Educacional!\nEsta data visa homenagear o profissional que se dedica a auxiliar os alunos durante o processo de aprendizagem. A sua principal fun\xc3\xa7\xc3\xa3o \xc3\xa9 ajudar os jovens a encontrarem a sua voca\xc3\xa7\xc3\xa3o profissional, atrav\xc3\xa9s de m\xc3\xa9todos psicol\xc3\xb3gicos e pedag\xc3\xb3gicos.\n\nSua atua\xc3\xa7\xc3\xa3o \xc3\xa9 muito importante para a forma\xc3\xa7\xc3\xa3o dos alunos e escolhas de vida e carreira.\n\nVoc\xc3\xaa conhece algum Orientador Educacional? Parabenize-o!! #gizbranco #orientadoreducacional #educa\xc3\xa7\xc3\xa3o #escola #professor #orientador'"
"42"; "0"; "0"; "b'O que voc\xc3\xaa faz para preparar provas, listas de exerc\xc3\xadcios, testes ou simulados para seus alunos? \xe2\xa0\x80\xe2\xa0\x80\xe2\xa0\x80\xe2\xa0\x80\xe2\xa0\x80\xe2\xa0\x80\xe2\xa0\x80\xe2\xa0\x80\xe2\xa0\x80\n\xe2\xa0\x80\xe2\xa0\x80\xe2\xa0\x80\xe2\xa0\x80\xe2\xa0\x80\xe2\xa0\x80\xe2\xa0\x80\xe2\xa0\x80\xe2\xa0\x80\nPara criar as melhores avalia\xc3\xa7\xc3\xb5es, que realmente testam a capacidade de aprendizado do aluno, devemos prestar aten\xc3\xa7\xc3\xa3o em certos detalhes...\xe2\xa0\x80\xe2\xa0\x80\xe2\xa0\x80\xe2\xa0\x80\xe2\xa0\x80\xe2\xa0\x80\xe2\xa0\x80\xe2\xa0\x80\xe2\xa0\x80\n\xe2\xa0\x80\xe2\xa0\x80\xe2\xa0\x80\xe2\xa0\x80\xe2\xa0\x80\xe2\xa0\x80\xe2\xa0\x80\xe2\xa0\x80\xe2\xa0\x80\nPor isso, reunimos em um novo artigo 8 DICAS PARA CRIAR UMA AVALIA\xc3\x87\xc3\x83O PERFEITA PARA SEUS ALUNOS.\xe2\xa0\x80\xe2\xa0\x80\xe2\xa0\x80\xe2\xa0\x80\xe2\xa0\x80\xe2\xa0\x80\xe2\xa0\x80\xe2\xa0\x80\xe2\xa0\x80\n\xe2\xa0\x80\xe2\xa0\x80\xe2\xa0\x80\xe2\xa0\x80\xe2\xa0\x80\xe2\xa0\x80\xe2\xa0\x80\xe2\xa0\x80\xe2\xa0\x80\nS\xc3\xa3o elas...\xe2\xa0\x80\xe2\xa0\x80\xe2\xa0\x80\xe2\xa0\x80\xe2\xa0\x80\xe2\xa0\x80\xe2\xa0\x80\xe2\xa0\x80\xe2\xa0\x80\n\xe2\xa0\x80\xe2\xa0\x80\xe2\xa0\x80\xe2\xa0\x80\xe2\xa0\x80\xe2\xa0\x80\xe2\xa0\x80\xe2\xa0\x80\xe2\xa0\x80\n1\xe2\x83\xa3: Pesquise\xe2\xa0\x80\xe2\xa0\x80\xe2\xa0\x80\xe2\xa0\x80\xe2\xa0\x80\xe2\xa0\x80\xe2\xa0\x80\xe2\xa0\x80\xe2\xa0\x80\n2\xe2\x83\xa3: Interprete\xe2\xa0\x80\xe2\xa0\x80\xe2\xa0\x80\xe2\xa0\x80\xe2\xa0\x80\xe2\xa0\x80\xe2\xa0\x80\xe2\xa0\x80\xe2\xa0\x80\n3\xe2\x83\xa3: Nivele\xe2\xa0\x80\xe2\xa0\x80\xe2\xa0\x80\xe2\xa0\x80\xe2\xa0\x80\xe2\xa0\x80\xe2\xa0\x80\xe2\xa0\x80\xe2\xa0\x80\n4\xe2\x83\xa3: Cronometre\xe2\xa0\x80\xe2\xa0\x80\xe2\xa0\x80\xe2\xa0\x80\xe2\xa0\x80\xe2\xa0\x80\xe2\xa0\x80\xe2\xa0\x80\xe2\xa0\x80\n5\xe2\x83\xa3: Estabele\xc3\xa7a Padr\xc3\xb5es\xe2\xa0\x80\xe2\xa0\x80\xe2\xa0\x80\xe2\xa0\x80\xe2\xa0\x80\xe2\xa0\x80\xe2\xa0\x80\xe2\xa0\x80\xe2\xa0\x80\n6\xe2\x83\xa3: Use Termos Objetivos\xe2\xa0\x80\xe2\xa0\x80\xe2\xa0\x80\xe2\xa0\x80\xe2\xa0\x80\xe2\xa0\x80\xe2\xa0\x80\xe2\xa0\x80\xe2\xa0\x80\n7\xe2\x83\xa3: Obtenha Feedbacks\xe2\xa0\x80\xe2\xa0\x80\xe2\xa0\x80\xe2\xa0\x80\xe2\xa0\x80\xe2\xa0\x80\xe2\xa0\x80\xe2\xa0\x80\xe2\xa0\x80\n8\xe2\x83\xa3: Forne\xc3\xa7a Feedbacks \xe2\xa0\x80\xe2\xa0\x80\xe2\xa0\x80\xe2\xa0\x80\xe2\xa0\x80\xe2\xa0\x80\xe2\xa0\x80\xe2\xa0\x80\xe2\xa0\x80\n\xe2\xa0\x80\xe2\xa0\x80\xe2\xa0\x80\xe2\xa0\x80\xe2\xa0\x80\xe2\xa0\x80\xe2\xa0\x80\xe2\xa0\x80\xe2\xa0\x80\nGostou das dicas? Leia o artigo completo clicando no link abaixo.\xe2\xa0\x80\xe2\xa0\x80\xe2\xa0\x80\xe2\xa0\x80\xe2\xa0\x80\xe2\xa0\x80\xe2\xa0\x80\xe2\xa0\x80\xe2\xa0\x80\n\xe2\xa0\x80\xe2\xa0\x80\xe2\xa0\x80\xe2\xa0\x80\xe2\xa0\x80\xe2\xa0\x80\xe2\xa0\x80\xe2\xa0\x80\xe2\xa0\x80\n\xe2\x9c\x85 https://blog.gizbranco.com.br/8-dicas-para-uma-avaliacao-perfeita-para-seus-alunos/\xe2\xa0\x80\xe2\xa0\x80\xe2\xa0\x80\xe2\xa0\x80\xe2\xa0\x80\xe2\xa0\x80\xe2\xa0\x80\xe2\xa0\x80\xe2\xa0\x80\n\xe2\xa0\x80\xe2\xa0\x80\xe2\xa0\x80\xe2\xa0\x80\xe2\xa0\x80\xe2\xa0\x80\xe2\xa0\x80\xe2\xa0\x80\xe2\xa0\x80\nQue tal colocar essas dicas em pr\xc3\xa1tica com a gizbranco? \xe2\xa0\x80\xe2\xa0\x80\xe2\xa0\x80\xe2\xa0\x80\xe2\xa0\x80\xe2\xa0\x80\xe2\xa0\x80\xe2\xa0\x80\xe2\xa0\x80\n\xe2\xa0\x80\xe2\xa0\x80\xe2\xa0\x80\xe2\xa0\x80\xe2\xa0\x80\xe2\xa0\x80\xe2\xa0\x80\xe2\xa0\x80\xe2\xa0\x80\n\xc3\x89 s\xc3\xb3 acessar https://gizbranco.com.br/ e fazer seu login/cadastro e come\xc3\xa7ar a criar a prova perfeita para seus alunos! \xe2\xa0\x80\xe2\xa0\x80\xe2\xa0\x80\xe2\xa0\x80\xe2\xa0\x80\xe2\xa0\x80\xe2\xa0\x80\xe2\xa0\x80\xe2\xa0\x80\n\xe2\xa0\x80\xe2\xa0\x80\xe2\xa0\x80\xe2\xa0\x80\xe2\xa0\x80\xe2\xa0\x80\xe2\xa0\x80\xe2\xa0\x80\xe2\xa0\x80\n#gizbranco #criarprovas #criaravalia\xc3\xa7\xc3\xb5es #professores #dicasdeprovas #enem'"
"43"; "0"; "0"; "b'Feliz 2019! \xf0\x9f\x8e\x87\xf0\x9f\x8e\x86 Muitas possibilidades, novos projetos e muitas provas para seus alunos!\n\nConte com a gizbranco para te ajudar a transformar tudo isso em realidade, com economia de tempo na cria\xc3\xa7\xc3\xa3o de provas e com muita qualidade, do jeito que voc\xc3\xaa sempre imaginou.\n\nEm 2019 teremos ainda MAIS NOVIDADES, afinal, somos capazes de coisas incr\xc3\xadveis quando estamos conectados!\n\nFELIZ 2019! BOAS FESTAS!\n\n#gizbranco #BoasFestas #Feliz2019 #2019 #Reveillon #AnoNovo #Professores #Escolas #Educa\xc3\xa7\xc3\xa3o'"
"44"; "0"; "0"; "b'Ferramentas tecnol\xc3\xb3gicas auxiliam professores dentro e fora da sala de aula!\n\nIn\xc3\xbameras s\xc3\xa3o as facilidades trazidas por ferramentas tecnol\xc3\xb3gicas para a educa\xc3\xa7\xc3\xa3o.\nA gizbranco \xc3\xa9 uma plataforma que auxilia o professor do ensino m\xc3\xa9dio na cria\xc3\xa7\xc3\xa3o de provas, testes e simulados!\n\nO valor imediato percebido pelo professor \xc3\xa9 o nosso principal motivador: TEMPO.\nGanhando tempo em atividades extra-classe, muitas vezes obriga\xc3\xa7\xc3\xb5es, o professor conseguir\xc3\xa1 focar no que realmente importa, que \xc3\xa9 a transmiss\xc3\xa3o do conhecimento para seus alunos!\n\nJ\xc3\xa1 parou para pensar em quanto tempo voc\xc3\xaa gasta preparando uma lista de exerc\xc3\xadcios ou uma prova? "Em um futuro onde as transforma\xc3\xa7\xc3\xb5es no mercado de trabalho acontecem de forma cada vez mais r\xc3\xa1pida, os professores n\xc3\xa3o v\xc3\xa3o apenas continuar relevantes - ser\xc3\xa3o essenciais para requalificar e apoiar toda a popula\xc3\xa7\xc3\xa3o na aprendizagem de novos conhecimentos e habilidades, ao longo de toda a vida - e n\xc3\xa3o apenas at\xc3\xa9 a conclus\xc3\xa3o da escola." - Lars Jan\xc3\xa9r (IBFE - Coluna Inova\xc3\xa7\xc3\xa3o em Aprendizagem)\n\nAcesse https://gizbranco.com.br e inscreva-se para ter acesso \xc3\xa0 plataforma!\n#gizbranco #educa\xc3\xa7\xc3\xa3o #ferramentaeducacional'"
"45"; "0"; "0"; "b'Hoje (26/06) \xc3\xa9 celebrado o Dia do Professor de Geografia!\xe2\xa0\x80\n\xe2\xa0\x80\n"O professor de Geografia \xc3\xa9 respons\xc3\xa1vel por apresentar o mundo nos seus aspectos f\xc3\xadsicos e pol\xc3\xadticos aos alunos. \xe2\xa0\x80\n\xe2\xa0\x80\nPara isso, se utiliza de mapas, textos, visitas a parques, filmes, etc. para despertar a curiosidade dos estudantes sobre a paisagem que os rodeiam."\xe2\xa0\x80\n\xe2\xa0\x80\nParab\xc3\xa9ns professor!\xe2\xa0\x80\n\xe2\xa0\x80\n#geografia #professor #gizbranco #professordegeografia \xe2\xa0\x80\n\xe2\xa0\x80\n\xe2\xa0\x80\n\xe2\xa0\x80\n\xe2\xa0\x80\n\xe2\xa0\x80'"
"46"; "0"; "0"; "b'Professor, gerenciar suas provas e suas quest\xc3\xb5es na plataforma gizbranco nunca foi t\xc3\xa3o simples e f\xc3\xa1cil!\nDeixe de lado as provas antigas, horas perdidas editando e refazendo provas, as diversas pastas no computador, livros antigos e ac\xc3\xbamulo de papel.\nVeja esse tutorial e entenda.\nInscreva-se no nosso site para usar a melhor plataforma de edi\xc3\xa7\xc3\xa3o e cria\xc3\xa7\xc3\xa3o de provas.\nAproveite, \xc3\xa9 de gra\xc3\xa7a!\nComece a usar agora! Acesse https://gizbranco.com.br\ngizbranco - criar provas nunca foi t\xc3\xa3o F\xc3\x81CIL e R\xc3\x81PIDO!\n#gizbranco #criarprovas #bancodequest\xc3\xb5es #ENEM #professor'"
"47"; "0"; "0"; "b'"Na era da tecnologia, a principal inova\xc3\xa7\xc3\xa3o \xc3\xa9 - e sempre ser\xc3\xa1 -\no professor!" A #gizbranco acredita nisso, e voc\xc3\xaa?\n\nSegundo o post do site Nova Escola (https://goo.gl/Fg8w44): 1. Investir cada vez mais nas rela\xc3\xa7\xc3\xb5es humanas, na for\xc3\xa7a do coletivo e na cren\xc3\xa7a de que todos s\xc3\xa3o capazes. Mesmo quando o debate \xc3\xa9 focado em inova\xc3\xa7\xc3\xa3o e tecnologia na sala de aula, o car\xc3\xa1ter humano n\xc3\xa3o deixa de ser fundamental na Educa\xc3\xa7\xc3\xa3o. E o respons\xc3\xa1vel por canalizar isso continua sendo o professor.\n\n2. \xe2\x80\x9cOs dispositivos de tecnologia n\xc3\xa3o servem para substituir o trabalho do professor, e sim como um apoio\xe2\x80\x9d, afirmou o holand\xc3\xaas Maurice de Hond, dono da Steve Jobs School\n\n#professor #tecnologia'"
"48"; "0"; "0"; "b'Alcan\xc3\xa7amos mais uma marca, muito obrigado professores!\n\nAcesse: https://gizbranco.com.br e conhe\xc3\xa7a!\ngizbranco - Criar provas nunca foi t\xc3\xa3o f\xc3\xa1cil!\n\n#gizbranco #criarprovas #professores #escolas #col\xc3\xa9gios #cursinhos #pr\xc3\xa9vestibular'"
"49"; "0"; "0"; "b'Come\xc3\xa7ou a Black Friday gizbranco!\n\nMais de 50% de desconto nas assinaturas.\n\nEconomize na assinatura da gizbranco durante todo o primeiro ano!! \xe2\x86\x93 \xe2\x86\x93 \xe2\x86\x93 CONHE\xc3\x87A AS NOSSAS PROMO\xc3\x87\xc3\x95ES \xe2\x86\x93 \xe2\x86\x93 \xe2\x86\x93 - PLANO B\xc3\x81SICO: De R$ 14,90 por R$ 4,99 por m\xc3\xaas *\n>> https://gizbranco.com.br/assinatura/plano-basico-black-friday/ - PLANO PLUS: De R$ 19,90 por R$ 8,99 por m\xc3\xaas *\n>> https://gizbranco.com.br/assinatura/plano-plus-black-friday/\n\nBasicamente, tudo para voc\xc3\xaa se inspirar e come\xc3\xa7ar a criar as melhores provas agora mesmo. Deixe para nos agradecer depois. \xf0\x9f\x98\x89 * A promo\xc3\xa7\xc3\xa3o da Black Friday gizbranco garante o acesso premium, por esse valor, por 12 meses, ou seja, adquirindo hoje, voc\xc3\xaa garante esse valor at\xc3\xa9 o final de Novembro de 2019.\n\nPara saber mais cadastre-se:\n- https://gizbranco.com.br/\n\nOu acesse diretamente:\n- https://gizbranco.com.br/precos-black-friday\n\n#gizbranco #blackfriday #promo\xc3\xa7\xc3\xa3o #blackgizbranco #blackfridaygizbranco #professores #criarprovas #escolas #vestibular'"
"50"; "0"; "0"; "b'Feliz Dia do Professor!\n\nO Dia do Professor \xc3\xa9 comemorado hoje!\nUm dia muito especial para demonstrar aos nossos professores a import\xc3\xa2ncia de cada um deles como ferramenta de transforma\xc3\xa7\xc3\xa3o social.\nO professor \xc3\xa9 um educador que mostra o valor do saber e a import\xc3\xa2ncia do ensinar, usando o seu conhecimento para mudar o mundo!\n\nA gizbranco tem o prop\xc3\xb3sito de ajudar os professores, sendo uma importante ferramenta aliada ao seu trabalho!\n\nFeliz Dia do Professor!\n\n#superprofessor #superprofessores #professor #professores #gizbranco #provas #criarprovas #educa\xc3\xa7\xc3\xa3o #diadoprofessor'"
"51"; "0"; "0"; "b'Diretor Escolar:\nAquele que tem o papel de l\xc3\xadder escolar, encarregado de orquestrar a administra\xc3\xa7\xc3\xa3o da institui\xc3\xa7\xc3\xa3o, o fazer pedag\xc3\xb3gico e a rela\xc3\xa7\xc3\xa3o com a comunidade. Hoje \xc3\xa9 o seu dia! Parab\xc3\xa9ns!\n12/11 - Dia do Diretor de Escola\n#gizbranco #diretor #escola #col\xc3\xa9gio #professor #ensino'"
"52"; "0"; "0"; "b'"A escola n\xc3\xa3o \xc3\xa9 o come\xc3\xa7o nem o fim da aprendizagem, mas o complemento maior para o que se aprende na vida." 15 de mar\xc3\xa7o,\nFeliz dia da Escola!\n\n#diadaescola #escola #aprendizagem #gizbranco #col\xc3\xa9gio #aprender #professor'"
"53"; "0"; "0"; "b'Grandes professores conseguem envolver seus alunos para que eles se sintam parte da aula.\nIsso \xc3\xa9 mais f\xc3\xa1cil dizer do que fazer, especialmente com os alunos mais resistentes, e mais ainda quando se considera que os alunos devem estar motivados n\xc3\xa3o apenas na aula, mas nas tarefas da aula.\nGaranta que em sua aula todos os alunos tenham a expectativa de ser chamados a participar da aula ajuda na motiva\xc3\xa7\xc3\xa3o no dia a dia.\n\nGostou dessa dica?\n\nPara conhecer essas e outras mais, que tal conhecer o livro "Aula Nota 10" do Doug Lemov, que usamos como base para preparar esse conte\xc3\xbado. Recomendamos a leitura!\n>> Link na bio ou acesse https://amzn.to/2QHMpxs\n\n#Motiva\xc3\xa7\xc3\xa3o #MotiveSeusAlunos #SalaDeAula #Professora #Professor #Aluna #Aluno #Aprendizado #AulaNota10 #DougLemov #Ensino #Sucesso #Escola #Col\xc3\xa9gio #Professores #DicasEscolares #DicasParaUmaAulaPerfeita #AulaPerfeita'"
"54"; "0"; "0"; "b'Voc\xc3\xaa acredita que um coordenador pedag\xc3\xb3gico pode realizar a\xc3\xa7\xc3\xb5es para reunir os professores e fazer com que eles criem mais refer\xc3\xaancias entre seus colegas e n\xc3\xa3o se vejam isolados?\nA Revista Educa\xc3\xa7\xc3\xa3o traz nessa mat\xc3\xa9ria alguns casos de sucesso e mostra que a "atua\xc3\xa7\xc3\xa3o desse profissional \xc3\xa9 o meio mais eficaz de direcionar, organizar e dar unidade ao trabalho de forma\xc3\xa7\xc3\xa3o continuada do corpo docente, partindo sempre das quest\xc3\xb5es concretas de sala de aula." Leia a mat\xc3\xa9ria completa em: http://www.revistaeducacao.com.br/coordenador-pedagogico-deve-auxiliar-professor-melhorar-aprendizagem-alunos/'"
"55"; "0"; "0"; "b'Se um aluno n\xc3\xa3o \xc3\xa9 bom em matem\xc3\xa1tica ou em l\xc3\xadnguas, ele ainda pode ser bom em outras mat\xc3\xa9rias, no entanto ele pode n\xc3\xa3o se sentir \xe2\x80\x9cinteligente\xe2\x80\x9d\xe2\x80\xa6 sabe o porqu\xc3\xaa?\xe2\xa0\x80\n\xe2\xa0\x80\nNesse novo artigo mostramos os 9 tipos de intelig\xc3\xaancia apresentados por Howard Gardner e como usar este fato para ajudar a identificar em seus alunos, mostrando formas distintas de apresentar um conte\xc3\xbado tradicional.\xe2\xa0\x80\n\xe2\xa0\x80\nLeia em: https://blog.gizbranco.com.br/os-9-tipos-de-inteligencia-como-usar-e-identificar-entre-seus-alunos/\xe2\xa0\x80\n\xe2\xa0\x80\n#gizbranco #tiposdeinteligencia #howardgardner'"
"56"; "0"; "0"; "b'Os desafios dos gestores escolares no Brasil s\xc3\xa3o diversos e enormes por\xc3\xa9m um dos maiores, ou talvez o maior, \xc3\xa9 a capacidade de produzir mudan\xc3\xa7as culturais nas organiza\xc3\xa7\xc3\xb5es.\n"O l\xc3\xadder escolar deve procurar deixar de ser um apagador de inc\xc3\xaandios e passar a contribuir para que a cultura interna de seu col\xc3\xa9gio mude. Mover um modelo institucional acomodado ao longo de dois s\xc3\xa9culos em uma r\xc3\xadgida estrutura hier\xc3\xa1rquica e funcional implica desenhar um novo molde, e isso n\xc3\xa3o \xc3\xa9 simples. A dificuldade de implanta\xc3\xa7\xc3\xa3o de projetos de tecnologia \xc3\xa9 apenas a ponta do iceberg de transforma\xc3\xa7\xc3\xb5es necess\xc3\xa1rias \xe2\x80\x93 por exemplo, a de modelos de ensino mais abertos \xc3\xa0 experimenta\xc3\xa7\xc3\xa3o e novos formatos."\nLeia a not\xc3\xadcia completa em: http://www.revistaeducacao.com.br/lider-escolar-deve-produzir-mudancas-culturais/'"
"57"; "0"; "0"; "b'Hoje \xc3\xa9 Dia Nacional dos Profissionais da Educa\xc3\xa7\xc3\xa3o! Parab\xc3\xa9ns pelo seu dia!\xe2\xa0\x80\nEssa \xc3\xa9 nossa homenagem aos profissionais que formam e d\xc3\xa3o a vida \xc3\xa0 escola e aos alunos.\xe2\xa0\x80\n#gizbranco #profissionaisdaeduca\xc3\xa7\xc3\xa3o #professores #diretordeescola #educa\xc3\xa7\xc3\xa3o\xe2\xa0\x80\n\xe2\xa0\x80'"
"58"; "0"; "0"; "b'\xc3\x89 preciso planejamento para ter crescimento nos n\xc3\xbameros.\nColoque em pr\xc3\xa1tica essas dicas, que a Revista Educa\xc3\xa7\xc3\xa3o listou, j\xc3\xa1 para o pr\xc3\xb3ximo per\xc3\xadodo de matr\xc3\xadculas na escola.\n\nMatricular novos estudantes na institui\xc3\xa7\xc3\xa3o de ensino \xc3\xa9 apenas uma das etapas de um processo que envolve planejamento e a\xc3\xa7\xc3\xb5es estrat\xc3\xa9gicas dos gestores da escola durante todo o ano.\n\n1. Divulgue sua marca\n\nNa \xc3\xa9poca das matr\xc3\xadculas, os alunos e pais devem estar cientes sobre a escola, suas vantagens e programas oferecidos.\nUtilize recursos de marketing durante o ano para garantir esse posicionamento.\nMeios de comunica\xc3\xa7\xc3\xa3o tradicionais, redes sociais e, at\xc3\xa9 mesmo, e-mail marketing, SMS e WhatsAPP devem ser utilizados nessa jornada.\n\n2. Fale com as fam\xc3\xadlias\n\nParticipativos, os pais de alunos v\xc3\xa3o acompanhar de perto o desempenho e os resultados do estudante. Pensando nisso, mantenha uma agenda de encontros, palestras e conversas com esse p\xc3\xbablico. S\xc3\xa3o eventos que v\xc3\xa3o fortalecer esse relacionamento e a marca da escola \xe2\x80\x93 tanto para os atuais quanto aos futuros.\n\n3. Ferramentas e pessoas\n\nO site da escola \xc3\xa9 muito importante, mas hoje em dia j\xc3\xa1 n\xc3\xa3o \xc3\xa9 suficiente para estabelecer essa capta\xc3\xa7\xc3\xa3o. \xc3\x89 preciso investir em mais canais de comunica\xc3\xa7\xc3\xa3o para captar novos estudantes.\nRecursos como landing pages, ligue-me e chats, por exemplo, oferecem rapidez no contato.\nNo entanto, sua equipe de vendas e formaliza\xc3\xa7\xc3\xa3o das matr\xc3\xadculas deve estar plenamente alinhada e preparada para esse per\xc3\xadodo, em que as demandas costumam ser bastante volumosas.\n\n4. Solu\xc3\xa7\xc3\xb5es estruturadas\n\nPara receber os novos matriculados de forma eficiente, \xc3\xa9 preciso ter uma estrutura de processos e caminhos para receber os interessados em ingressar na institui\xc3\xa7\xc3\xa3o.\n\xc3\x89 importante optar por uma solu\xc3\xa7\xc3\xa3o, como uma plataforma digital ou CRM, que organize e identifique as diversas etapas entre o primeiro contato, at\xc3\xa9 a efetiva\xc3\xa7\xc3\xa3o da matr\xc3\xadcula \xe2\x80\x93 que monitore o funil de vendas.\n\nOrganiza\xc3\xa7\xc3\xa3o, treinamento e suporte tecnol\xc3\xb3gico comp\xc3\xb5em os passos fundamentais para garantir um n\xc3\xbamero satisfat\xc3\xb3rio de novos alunos para a escola.\n\n#gizbranco #NovosAlunos #Capta\xc3\xa7\xc3\xa3oDeAlunos #Gest\xc3\xa3oEscolar #FerramentasTecnol\xc3\xb3gicas #Educa\xc3\xa7\xc3\xa3o #Escolas #Col\xc3\xa9gios #Professor #Professores'"
"59"; "0"; "0"; "b'"O princ\xc3\xadpio da educa\xc3\xa7\xc3\xa3o \xc3\xa9 pregar com o exemplo." - Anne Turgot\n\n#gizbranco #AnneTurgot #educa\xc3\xa7\xc3\xa3o #exemplo #professor'"
"60"; "0"; "0"; "b'Parab\xc3\xa9ns aos Qu\xc3\xadmicos, em especial aos professores de Qu\xc3\xadmica!\n\nA Qu\xc3\xadmica \xc3\xa9 o ramo da ci\xc3\xaancia que estuda as altera\xc3\xa7\xc3\xb5es e transforma\xc3\xa7\xc3\xb5es sofridas pela mat\xc3\xa9ria, incluindo solo, \xc3\xa1gua, ar, poluentes, minerais e metais, bem como sua composi\xc3\xa7\xc3\xa3o e propriedades.\n\nO professor de Qu\xc3\xadmica tem a miss\xc3\xa3o de ensinar o conte\xc3\xbado de Qu\xc3\xadmica com um intuito primordial de desenvolver no aluno a capacidade de participar criticamente nas quest\xc3\xb5es da sociedade, ou seja, \xe2\x80\x9ca capacidade de tomar decis\xc3\xb5es fundamentadas em informa\xc3\xa7\xc3\xb5es e ponderadas as diversas consequ\xc3\xaancias decorrentes de tal posicionamento". Parab\xc3\xa9ns!\n\n#Qu\xc3\xadmica #DiaDoQu\xc3\xadmico #ProfessorDeQu\xc3\xadmica #Qu\xc3\xadmico #Professor #gizbranco #Educa\xc3\xa7\xc3\xa3o #Escola #Laborat\xc3\xb3rioDeQu\xc3\xadmica'"
"61"; "0"; "0"; "b'"No dia 19 de novembro de 1889, o rec\xc3\xa9m-instalado governo republicano do Brasil trocou a antiga bandeira imperial pela bandeira da Rep\xc3\xbablica. A nova bandeira, desenhada por D\xc3\xa9cio Vilares, foi adotada pelo decreto n\xc2\xba 4 no dia 19 de novembro de 1889.\n\nNo dia 11 de maio de 1992 a bandeira brasileira passou a ter 27 estrelas, no lugar de 22, de forma a incluir os novos estados da federa\xc3\xa7\xc3\xa3o.\n\nA Bandeira do Brasil simboliza a p\xc3\xa1tria e a uni\xc3\xa3o entre os estados e desde o in\xc3\xadcio serviu para aumentar o sentimento de uni\xc3\xa3o entre todos os brasileiros." #diadabandeira #bandeirabrasileira #brasil #hist\xc3\xb3ria #gizbranco #escola #professores #educa\xc3\xa7\xc3\xa3o'"
"62"; "0"; "0"; "b'Hoje \xc3\xa9 dia do Historiador!\nParab\xc3\xa9ns! Essa \xc3\xa9 a homenagem da #gizbranco aos profissionais que se dedicam a estudar e conhecer sobre a hist\xc3\xb3ria das civiliza\xc3\xa7\xc3\xb5es e das comunidades.\n#historia #historiador #professor'"
"63"; "0"; "0"; "b'Feliz Natal! \xf0\x9f\xa4\xb6\xf0\x9f\x8e\x85\xe2\xa0\x80\n\xe2\xa0\x80\n#natal #feliznatal #gizbranco #professores #educa\xc3\xa7\xc3\xa3o #escola'"
"64"; "0"; "0"; "b'Existem t\xc3\xa9cnicas de planejamento para serem colocadas em pr\xc3\xa1tica antes mesmo de entrar em sala de aula. Uma das dicas \xc3\xa9 planejar seus objetivos com a aula e o conte\xc3\xbado que ser\xc3\xa1 explorado para que sejam evitadas perguntas pelos alunos como "pra que vou precisar aprender isso". Sendo assim, comece pelo fim, para saber o que seus alunos poder\xc3\xa3o aprender e defina os ganhos que seus alunos ter\xc3\xa3o com o conte\xc3\xbado apresentado.\nTer clareza e saber quais resultados esperar podem ajudar no bom desempenho por parte dos alunos.\n\nGostou dessa dica?\n\nPara conhecer essas e outras mais, que tal conhecer o livro "Aula Nota 10" do Doug Lemov, que usamos como base para preparar esse conte\xc3\xbado. Recomendamos a leitura!\n>> Link na bio ou acesse https://amzn.to/2QHMpxs\n\n#Planejamento #PlanejamentoAcad\xc3\xaamico #PlanejamentoDeAula #Professora #Professor #Aluna #Aluno #Aprendizado #AulaNota10 #DougLemov #Ensino #Sucesso #Escola #Col\xc3\xa9gio #Professores #DicasEscolares #DicasParaUmaAulaPerfeita #AulaPerfeita'"
"65"; "0"; "0"; "b'Somos mais de 5 mil professores fazendo parte da rede gizbranco no Facebook!\xe2\xa0\x80\n\xe2\xa0\x80\nAgradecemos a todos os professores que ajudam na constru\xc3\xa7\xc3\xa3o de uma melhor plataforma de cria\xc3\xa7\xc3\xa3o de provas!\xe2\xa0\x80\nMuito obrigado!\xe2\xa0\x80\n\xe2\xa0\x80\nAcesse: https://gizbranco.com.br e conhe\xc3\xa7a!\xe2\xa0\x80\ngizbranco - Criar provas nunca foi t\xc3\xa3o f\xc3\xa1cil!\xe2\xa0\x80\n\xe2\xa0\x80\n#gizbranco #criarprovas #provas #quest\xc3\xb5es #provasonline #professores #escolas #col\xc3\xa9gios #cursinhos #pr\xc3\xa9vestibular\xe2\xa0\x80'"
"66"; "0"; "0"; "b'"Educa\xc3\xa7\xc3\xa3o \xc3\xa9 a arma mais poderosa que podemos usar para mudar o mundo." - Nelson Mandela #frases #educa\xc3\xa7\xc3\xa3o #gizbranco #mudaromundo #nelsonmandela\n\nAcesse https://gizbranco.com.br/ e conhe\xc3\xa7a a plataforma. Criar provas nunca foi t\xc3\xa3o f\xc3\xa1cil!'"
"67"; "0"; "0"; "b'4 livros para compreender o uso da tecnologia na sua aula\n\nVeja 4 livros que podem te auxiliar no entendimento dos recursos tecnol\xc3\xb3gicos e como esses recursos est\xc3\xa3o ganhando espa\xc3\xa7o nas rela\xc3\xa7\xc3\xb5es de ensinar e aprender.\n\nhttps://goo.gl/vbU6ZX\n\n#gizbranco #tecnologia #professor #saladeaula'"
"68"; "0"; "0"; "b'Abordar conte\xc3\xbados de forma elaborada e explorar habilidades em cada quest\xc3\xa3o de uma prova tem import\xc3\xa2ncia? \xe2\x9a\xa0\xf0\x9f\x93\xa3\xe2\xa0\x80\n\xe2\xa0\x80\nConseguir abordar conte\xc3\xbados de forma inteligente em aula ou em prova e conseguir explorar as habilidades importantes para desenvolvimento de uma quest\xc3\xa3o de uma prova, s\xc3\xa3o temas necess\xc3\xa1rios que todo professor deveria se preocupar em desenvolver na sua t\xc3\xa9cnica de ensino, voc\xc3\xaa concorda?\xe2\xa0\x80\n\xe2\xa0\x80\nVeja o artigo completo no nosso blog e comente abaixo o que voc\xc3\xaa acha!\xe2\xa0\x80\n\xe2\xa0\x80\n\xe2\x9c\x85 https://blog.gizbranco.com.br/como-abordar-conteudos-e-explorar-habilidades-importantes-em-cada-questao-para-seus-alunos/\xe2\xa0\x80\n\xe2\xa0\x80\nConhe\xc3\xa7a a gizbranco e comece a preparar provas de maneira simples e r\xc3\xa1pida! \xe2\xa0\x80\nhttps://gizbranco.com.br/\xe2\xa0\x80\n\xe2\xa0\x80\n#gizbranco #professor #provas #quest\xc3\xb5es #criarprovas #prepararprovas #habilidades #conte\xc3\xbado #educa\xc3\xa7\xc3\xa3o #enem'"
"69"; "0"; "0"; "b'Professor (a), como voc\xc3\xaa busca por quest\xc3\xb5es na internet?\nOu melhor, voc\xc3\xaa busca por quest\xc3\xb5es ou tem seu pr\xc3\xb3prio banco de quest\xc3\xb5es?\n\nConhe\xc3\xa7a a #gizbranco!\n\n#Provas #Quest\xc3\xb5es #Professor #ProfessoresDoBrasil #Avalia\xc3\xa7\xc3\xb5es #Testes #Simulados #BancoDeQuest\xc3\xb5es'"
"70"; "0"; "0"; "b'A revista QB (Quero Bolsa) entrevistou o estudante N\xc3\xadcolas Yamakoshi, que em 2016 acertou todas as quest\xc3\xb5es de Matem\xc3\xa1tica no Enem (Exame Nacional do Ensino M\xc3\xa9dio), atingindo 991,5 pontos na prova.\n\nVeja algumas dicas e estrat\xc3\xa9gias que ele usou para estudar e na hora da prova. Compartilhe com seus alunos!\nMat\xc3\xa9ria completa em:\nhttps://querobolsa.com.br/revista/matematica-no-enem-com-as-dicas-de-um-expert-no-assunto\n#ENEM #Matem\xc3\xa1tica #Dicas #Alunos #Professores #gizbranco'"
"71"; "0"; "0"; "b'As aulas expositivas dialogadas abrem caminho para a aplica\xc3\xa7\xc3\xa3o de recursos ou instrumentos did\xc3\xa1ticos tecnol\xc3\xb3gicos, tornando a aula mais atrativa para o aluno, com intera\xc3\xa7\xc3\xb5es e questionamentos que motivam os alunos a explanarem oralmente suas conclus\xc3\xb5es sobre o tema em quest\xc3\xa3o.\nProfessor, voc\xc3\xaa aborda esse tipo de metodologia nas suas aulas?\nVeja a mat\xc3\xa9ria completa em: http://educador.brasilescola.uol.com.br/estrategias-ensino/aula-expositiva-dialogada.htm'"
"72"; "0"; "0"; "b'"O Dia da Consci\xc3\xaancia Negra \xc3\xa9 comemorado em 20 de novembro em todo o pa\xc3\xads. A data homenageia Zumbi, um africano que nasceu livre, mas foi escravizado aos seis anos de idade.\n\nMais tarde ele voltaria para sua terra natal e seria l\xc3\xadder do Quilombo dos Palmares. Zumbi morreu em 20 de novembro de 1695.\n\nO objetivo do Dia da Consci\xc3\xaancia Negra \xc3\xa9 fazer uma reflex\xc3\xa3o sobre a import\xc3\xa2ncia do povo e da cultura africana no Brasil. Tamb\xc3\xa9m serve para analisarmos o impacto que tiveram no desenvolvimento da identidade cultural brasileira.\n\nA m\xc3\xbasica, a pol\xc3\xadtica, a religi\xc3\xa3o e a gastronomia entre v\xc3\xa1rias outras \xc3\xa1reas foram profundamente influenciadas pela cultura negra. Este \xc3\xa9 um dia de comemorar e valorizar a cultura afro-brasileira." #gizbranco #historia #brasil #consciencianegra #zumbidospalmares #historiabrasileira #cultura'"
"73"; "0"; "0"; "b'Utilizar uma plataforma que faz com que voc\xc3\xaa crie provas em poucos minutos, d\xc3\xa1 a voc\xc3\xaa mais tempo para poder curtir e se preocupar com o que realmente importa, al\xc3\xa9m de melhoria da qualidade de vida!\n\nEconomize tempo com a gizbranco. Aproveite!\n\nComece a usar agora! Acesse https://gizbranco.com.br\n\ngizbranco - criar provas nunca foi t\xc3\xa3o F\xc3\x81CIL e R\xc3\x81PIDO!\n#gizbranco #criarprovas #professor #professores #bancodequest\xc3\xb5es #questoes #provas #vestibular #enem'"
"74"; "0"; "0"; "b'Hoje \xc3\xa9 o Dia Nacional da Leitura! "O objetivo desta data \xc3\xa9 incentivar a pr\xc3\xa1tica da leitura entre jovens e adultos. A leitura \xc3\xa9 essencial para a forma\xc3\xa7\xc3\xa3o do senso cr\xc3\xadtico, estimulando a criatividade, imagina\xc3\xa7\xc3\xa3o e enriquecendo o vocabul\xc3\xa1rio dos leitores." Professor, incentive seus alunos com o h\xc3\xa1bito da leitura pois, al\xc3\xa9m de aumentar o conhecimento, aprimora o vocabul\xc3\xa1rio e ajuda na constru\xc3\xa7\xc3\xa3o textual.\n\n#gizbranco #leitura #livros #professor'"
"75"; "0"; "0"; "b'Voc\xc3\xaa concorda que as ferramentas tecnol\xc3\xb3gicas trazem in\xc3\xbameras facilidades para a educa\xc3\xa7\xc3\xa3o? Como voc\xc3\xaa utiliza esse fato em sala de aula?\n\nJ\xc3\xa1 parou para pensar em quanto tempo voc\xc3\xaa gasta preparando uma lista de exerc\xc3\xadcios ou uma prova?\nVeja mais um artigo que preparamos sobre COMO AS FERRAMENTAS TECNOL\xc3\x93GICAS AUXILIAM OS PROFESSORES DENTRO E FORA DA SALA DE AULA. >> https://blog.gizbranco.com.br/ferramentas-tecnologicas-auxiliam-professores-dentro-e-fora-da-sala-de-aula/\n#gizbranco #tecnologia #professores #saladeaula #escolas #inova\xc3\xa7\xc3\xa3o'"
"76"; "0"; "0"; "b'"Tanto institui\xc3\xa7\xc3\xb5es p\xc3\xbablicas quanto privadas de ensino v\xc3\xaam apresentando novos modelos de forma\xc3\xa7\xc3\xa3o em servi\xc3\xa7o, arquitetados pelo coordenador pedag\xc3\xb3gico e centrados no que acontece na escola." Saiba como algumas escolas est\xc3\xa3o inovando nas suas propostas de servi\xc3\xa7os pedag\xc3\xb3gicos.\n\nVeja a mat\xc3\xa9ria completa em: http://www.revistaeducacao.com.br/escolas-particulares-inovam-formacao-em-servico/\n\n#gizbranco #inova\xc3\xa7\xc3\xa3o #plataforma #professores #coordenadores #escola'"
"77"; "0"; "0"; "b'"Documento recente publicado pelo Banco Mundial destaca que em v\xc3\xa1rios pa\xc3\xadses, entre os quais se inclui o Brasil, o que a escola ensina n\xc3\xa3o \xc3\xa9 aprendido pelos alunos, como deveria acontecer, ou seja, se nem o b\xc3\xa1sico estamos sendo capazes de cumprir, como acreditar que a primeira inf\xc3\xa2ncia possa ser agraciada e contemplada com tudo o que \xc3\xa9 necess\xc3\xa1rio para ela realmente florescer da melhor forma poss\xc3\xadvel por aqui e em outras regi\xc3\xb5es pobres ou atrasadas do planeta?"\nVeja a mat\xc3\xa9ria completa em: http://www.planetaeducacao.com.br/portal/artigo.asp?artigo=3081\n#gizbranco #educa\xc3\xa7\xc3\xa3o #professor #ensino'"
"78"; "0"; "0"; "b'A gizbranco \xc3\xa9 uma plataforma em que o professor consegue armazenar quest\xc3\xb5es, sejam as pesquisadas no nosso banco de quest\xc3\xb5es ou as inseridas pelo pr\xc3\xb3prio. Assim, al\xc3\xa9m das provas, as quest\xc3\xb5es tamb\xc3\xa9m estar\xc3\xa3o organizadas para serem encontradas com rapidez.\nComece a usar agora! Acesse https://gizbranco.com.br\ngizbranco - criar provas nunca foi t\xc3\xa3o F\xc3\x81CIL e R\xc3\x81PIDO!\n#gizbranco #criarprovas #professores #professor #plataformagizbranco #bancodequest\xc3\xb5es #questoes #provas #vestibular #ENEM'"
"79"; "0"; "0"; "b'"Um mestre desperta o mestre em outros." - Matt Kahn\xe2\xa0\x80\n\xe2\xa0\x80\n#frases #pensamentos #mattkahn #professor #mestre #gizbranco\xe2\xa0\x80\n\xe2\xa0\x80'"
"80"; "0"; "0"; "b'Chega de pilhas de provas atrapalhando a sua organiza\xc3\xa7\xc3\xa3o. Manter tudo organizado, de maneira virtual, \xc3\xa9 mais um dos benef\xc3\xadcios que a gizbranco oferece para voc\xc3\xaa, professor!\n\nMantenha-se organizado com a gizbranco!\nComece a usar agora!\n\ngizbranco - criar provas nunca foi t\xc3\xa3o F\xc3\x81CIL e R\xc3\x81PIDO!\n\n#gizbranco #criarprovas #professores #professor #bancodequest\xc3\xb5es #questoes #provas #vestibular #ENEM'"
"81"; "0"; "0"; "b'Um dos resultados mais consistentes na pesquisa acad\xc3\xaamica \xc3\xa9 a de que ter altas expectativas em rela\xc3\xa7\xc3\xa3o aos alunos pode servir como motor para o sucesso escolar, mesmo entre aqueles que n\xc3\xa3o t\xc3\xaam uma trajet\xc3\xb3ria de bom desempenho acad\xc3\xaamico.\nIncentivar a participa\xc3\xa7\xc3\xa3o, mostrar a busca pela resposta certa, exigir alto padr\xc3\xa3o de respostas, fazer perguntas frequentes, pedir que expressem seus conhecimentos de v\xc3\xa1rias formas, de maneira clara, eficiente e n\xc3\xa3o aceitar desculpas ou vitimiza\xc3\xa7\xc3\xa3o s\xc3\xa3o algumas das t\xc3\xa9cnicas que podem fazer com que seus alunos tenham melhor desempenho.\nGostou dessa dica?\nPara conhecer essas e outras mais, que tal conhecer o livro "Aula Nota 10" do Doug Lemov, que usamos como base para preparar esse conte\xc3\xbado. Recomendamos a leitura!\n>> Link na bio ou acesse https://amzn.to/2QHMpxs\n\n#ExpectativaAcad\xc3\xaamica #AltoPadr\xc3\xa3o #Professora #Professor #Aluna #Aluno #Aprendizado #AulaNota10 #DougLemov #Ensino #Sucesso #Escola #Col\xc3\xa9gio #Professores #DicasEscolares #DicasParaUmaAulaPerfeita #AulaPerfeita'"
"82"; "0"; "0"; "b'"O educador se eterniza em cada ser que educa." - Paulo Freire\xe2\xa0\x80\n#gizbranco #educacao #educador #professor #pensamentos #frases'"
"83"; "0"; "0"; "b'Parab\xc3\xa9ns ao profissional de Educa\xc3\xa7\xc3\xa3o F\xc3\xadsica! "Um corpo sem intelig\xc3\xaancia n\xc3\xa3o ama!\nUm corpo sem sa\xc3\xbade n\xc3\xa3o desfruta do amor!\nUm g\xc3\xaanio sem amor n\xc3\xa3o tem sa\xc3\xbade espiritual!\nDiante disso tudo devemos, a cada instante,\nprocurar a companhia dessas tr\xc3\xaas virtudes,\nmesmo que as alcancemos uma a uma.\nA voc\xc3\xaa, profissional de Educa\xc3\xa7\xc3\xa3o F\xc3\xadsica, que atua\nnos corpos de seus alunos e atletas para, em verdade,\nalcan\xc3\xa7ar-lhes as mentes e os cora\xc3\xa7\xc3\xb5es,\na nossa homenagem e o nosso reconhecimento,\nneste seu 1\xc2\xba de setembro!\xe2\x80\x9d "Atividade f\xc3\xadsica n\xc3\xa3o \xc3\xa9 apenas uma das\nmais importantes chaves para um\ncorpo saud\xc3\xa1vel, ela \xc3\xa9 a base da atividade\nintelectual criativa e din\xc3\xa2mica!" #gizbranco #educa\xc3\xa7\xc3\xa3o #educa\xc3\xa7\xc3\xa3of\xc3\xadsica #esporte #sa\xc3\xbade #professor'"
"84"; "0"; "0"; "b'"Educar \xc3\xa9 semear com sabedoria e colher com paci\xc3\xaancia." - Augusto Cury\xe2\xa0\x80\n\xe2\xa0\x80\nConhece a gizbranco? Acesse https://gizbranco.com.br/ e crie provas agora mesmo, de maneira simples e r\xc3\xa1pida!\xe2\xa0\x80\n\xe2\xa0\x80\n#gizbranco #augustocury #educar #educa\xc3\xa7\xc3\xa3o #professor #escola'"
"85"; "0"; "0"; "b'O @portalg1 entrevistou os professores Adriano e Valmir para darem dicas sobre o que fazer o que evitar na reda\xc3\xa7\xc3\xa3o do Enem. "Em v\xc3\xa1rios vestibulares come\xc3\xa7ar pela reda\xc3\xa7\xc3\xa3o \xc3\xa9 o ideal, mas no Enem estamos falando de uma t\xc3\xa9cnica completamente diferente pois a teoria de resposta ao item faz com que o aluno que mais tenha pontua\xc3\xa7\xc3\xa3o consiga passar. Isso quer dizer que se o aluno fizer quest\xc3\xb5es f\xc3\xa1ceis e m\xc3\xa9dias, ele consegue atingir uma m\xc3\xa9dia de 700 pontos"- segundo Adriano. "O estudante deve analisar o que foi relevante e causou discuss\xc3\xa3o ao longo do ano, e at\xc3\xa9 mesmo no fim do ano passado. \'Aquilo que foi forte enquanto problem\xc3\xa1tica, alguma pol\xc3\xadtica p\xc3\xbablica que est\xc3\xa1 em evid\xc3\xaancia... Isso pode ser tema da reda\xc3\xa7\xc3\xa3o. Alguns desses assuntos, por exemplo, s\xc3\xa3o envelhecimento da popula\xc3\xa7\xc3\xa3o e a quest\xc3\xa3o da homofobia\' " - conta Valmir.\n\nCompartilhe com seus alunos essas dicas finais para que ele esteja preparado no momento da prova, as not\xc3\xadcias completas est\xc3\xa3o nos links abaixo. - https://g1.globo.com/to/tocantins/noticia/professor-da-dicas-sobre-o-que-fazer-e-o-que-evitar-na-redacao-do-enem.ghtml\n- https://g1.globo.com/sp/presidente-prudente-regiao/noticia/professor-desmistifica-redacao-do-enem-e-da-dicas-sobre-o-que-fazer-e-o-que-nao-fazer-na-hora-de-escrever.ghtml'"
"86"; "0"; "0"; "b'O Dia Mundial da Alfabetiza\xc3\xa7\xc3\xa3o \xc3\xa9 celebrado hoje!\n\nCom o prop\xc3\xb3sito de fomentar a alfabetiza\xc3\xa7\xc3\xa3o nos v\xc3\xa1rios pa\xc3\xadses, a Organiza\xc3\xa7\xc3\xa3o das Na\xc3\xa7\xc3\xb5es Unidas (ONU) e a Organiza\xc3\xa7\xc3\xa3o das Na\xc3\xa7\xc3\xb5es Unidas para a Educa\xc3\xa7\xc3\xa3o, a Ci\xc3\xaancia e a Cultura (UNESCO) institu\xc3\xadram esta data em 1967.\n\nTemos v\xc3\xa1rios desafios na educa\xc3\xa7\xc3\xa3o e a #gizbranco \xc3\xa9 uma plataforma que procura auxiliar os professores em alguns deles!\n\nhttps://gizbranco.com.br\n\n#educa\xc3\xa7\xc3\xa3o #professores #escolas #educar'"
"87"; "0"; "0"; "b'Em um ambiente virtual, ter todas as suas informa\xc3\xa7\xc3\xb5es seguras \xc3\xa9 algo muito importante e por isso, na gizbranco, seus dados, suas quest\xc3\xb5es e suas provas ficam seguras na sua conta para apenas voc\xc3\xaa acessar e utilizar da maneira que desejar. Crie provas de maneira r\xc3\xa1pida e f\xc3\xa1cil com a gizbranco!\n#gizbranco #criarprovas #seguran\xc3\xa7a #provas #quest\xc3\xb5es #vestibular #ENEM #professor #professores #col\xc3\xa9gio #curso #escola'"
"88"; "0"; "0"; "b'Utilizar uma plataforma que faz com que voc\xc3\xaa crie provas em poucos minutos, d\xc3\xa1 a voc\xc3\xaa mais tempo para poder curtir e se preocupar com o que realmente importa, al\xc3\xa9m de melhoria da qualidade de vida!\nGanhe tempo com a gizbranco.\nAproveite! \xc3\x89 de gra\xc3\xa7a!\nComece a usar agora! Acesse https://gizbranco.com.br\ngizbranco - criar provas nunca foi t\xc3\xa3o F\xc3\x81CIL e R\xc3\x81PIDO!\n#gizbranco #criarprovas #professor #professores #bancodequest\xc3\xb5es #questoes #provas #vestibular #enem'"
"89"; "0"; "0"; "b'Parab\xc3\xa9ns aos pedagogos do Brasil!\nHoje \xc3\xa9 comemorado do dia Nacional do Pedagogo... A data, celebrada anualmente, homenageia os profissionais respons\xc3\xa1veis por ajudar na educa\xc3\xa7\xc3\xa3o, forma\xc3\xa7\xc3\xa3o e aconselhamento de crian\xc3\xa7as e adolescentes. "Ser pedagogo \xc3\xa9 ter uma responsabilidade muito grande nas m\xc3\xa3os. Talvez at\xc3\xa9 mesmo o futuro..." #professor #professora #pedagoga #pedagogo #educador #educa\xc3\xa7\xc3\xa3o #gizbranco #professores #pedagogos #pedagogia'"
"90"; "0"; "0"; "b'Esta data \xc3\xa9 uma homenagem a todas as pessoas que se dedicam ao ato de cria\xc3\xa7\xc3\xa3o, imagina\xc3\xa7\xc3\xa3o, pensamento e reflex\xc3\xa3o sobre os mais diversos temas recorrentes da vida e do universo.\n\nO professor, como intelectual, fomenta o pensamento cr\xc3\xadtico e transfere conhecimento para os alunos.\n\nNormalmente, os intelectuais s\xc3\xa3o indiv\xc3\xadduos com um elevado senso cr\xc3\xadtico, mas n\xc3\xa3o significa que s\xc3\xa3o g\xc3\xaanios, por exemplo. O intelectual \xc3\xa9 aquele que consegue refletir a partir de diferentes prismas.\n\nParab\xc3\xa9ns aos professores e intelectuais!\n\n#DiaDoIntelectual #Intelectual #Professor #ProfessorIntelectual #gizbranco #Cria\xc3\xa7\xc3\xa3o #Imagina\xc3\xa7\xc3\xa3o #Ensinar #Reflex\xc3\xa3o #Alunos #SensoCr\xc3\xadtico'"
"91"; "0"; "0"; "b'M\xc3\xa3e, professora, amiga, exemplo, orientadora e educadora.\nNessa vida somos agraciados com v\xc3\xa1rias m\xc3\xa3es.\nExiste a m\xc3\xa3e biol\xc3\xb3gica, que, desde o ventre e com amor maternal, nos educa. Aquela que nos deu a vida.\nExistem aquelas que cuidam de n\xc3\xb3s quando somos pequeninos e fazem a vez de nossa m\xc3\xa3e querida.\nE t\xc3\xa3o importante quanto as demais, est\xc3\xa3o as professoras. Mulheres incr\xc3\xadveis que dedicam sua vida a ensinar, educar e preparar para a vida aqueles que um dia ser\xc3\xa3o o futuro de nossa na\xc3\xa7\xc3\xa3o. Mulheres que enxergam cada um de seus alunos como um filho.\nProfessoras, voc\xc3\xaas fazem um trabalho fant\xc3\xa1stico!\nFeliz dia das m\xc3\xa3es!\n\n#todam\xc3\xa3e\xc3\xa9professora #todaprofessora\xc3\xa9m\xc3\xa3e #felizdiadasm\xc3\xa3es #gizbranco #diadasm\xc3\xa3es'"
"92"; "0"; "0"; "b'Voc\xc3\xaa acredita estar satisfeito profissionalmente?\xe2\xa0\x80\n\xe2\xa0\x80\nN\xc3\xb3s da gizbranco queremos te ajudar a chegar na sua melhor performance como professor, por isso escrevemos mais um artigo que pode te auxiliar nessa tarefa...\xe2\xa0\x80\n\xe2\xa0\x80\nDizem que as tr\xc3\xaas decis\xc3\xb5es mais importantes na vida s\xc3\xa3o:\xe2\xa0\x80\n\xe2\xa0\x80\n1 - O que voc\xc3\xaa faz?\xe2\xa0\x80\n2 - Com quem voc\xc3\xaa faz?\xe2\xa0\x80\n3 - Onde voc\xc3\xaa faz?\xe2\xa0\x80\n\xe2\xa0\x80\nVamos falar um pouco sobre como isso se aplica a sua carreira de professor\xe2\x80\xa6\xe2\xa0\x80\n\xe2\xa0\x80\nAcesse https://blog.gizbranco.com.br/as-3-perguntas-para-satisfacao-profissional/ para ler o artigo completo'"
"93"; "0"; "0"; "b'Sabemos que o professor deve agir como mediador de conhecimento, como instrumento para o aprendizado dos alunos. Mas, o que fazer quando os alunos viram meros expectadores?\n\nSim, isso acontece regularmente em salas de aula, \xc3\xa0s vezes a orat\xc3\xb3ria se torna cansativa ou a aula fica entediante, alguns c\xc3\xa1lculos simples se tornam imposs\xc3\xadveis de serem entendidos pois o sono n\xc3\xa3o deixa. Percebemos que o aluno est\xc3\xa1 ali somente no campo f\xc3\xadsico, mas, a mente est\xc3\xa1 vagando, visualizam tudo menos a aula em quest\xc3\xa3o.\n\nComo despertar a curiosidade do aluno?\nComo podemos criar aulas atrativas e interativas?\n\nLeia um guia b\xc3\xa1sico que escrevemos no nosso blog para estimular o ensino aprendizado dos seus alunos!\n\nAcesse: http://bit.ly/aulas-atrativas\n\n#gizbranco #AulasAtrativas #AulasInterativas #Estrat\xc3\xa9giasParaAulas #SalaDeAula #Professor #Professores #Educa\xc3\xa7\xc3\xa3o'"
"94"; "0"; "0"; "b'11 de agosto, Dia do Estudante! Parab\xc3\xa9ns!\xe2\xa0\x80\nProfessor, j\xc3\xa1 parabenizou seus alunos hoje? \xe2\xa0\x80\n#gizbranco #estudante #professor #diadoestudante'"
"95"; "0"; "0"; "b'"A Proclama\xc3\xa7\xc3\xa3o da Rep\xc3\xbablica do Brasil foi realizada em 15 de novembro de 1889.\n\nO evento aconteceu no Rio de Janeiro, a ent\xc3\xa3o capital do pa\xc3\xads, por um grupo de militares liderado pelo Marechal Deodoro da Fonseca, que deu um golpe de estado no Imp\xc3\xa9rio.\n\nMarechal Deodoro da Fonseca instituiu uma rep\xc3\xbablica provis\xc3\xb3ria e, posteriormente, se consagrou o primeiro presidente do Brasil." #proclama\xc3\xa7\xc3\xa3odarep\xc3\xbablica #rep\xc3\xbablicabrasileira #gizbranco #brasil #educa\xc3\xa7\xc3\xa3o #escola #professor'"
"96"; "0"; "0"; "b'Professora, amiga, m\xc3\xa3e, educadora... Todo mundo sempre diz que m\xc3\xa3e \xc3\xa9 uma s\xc3\xb3. O que poucos lembram de dizer \xc3\xa9 que m\xc3\xa3e n\xc3\xa3o \xc3\xa9 s\xc3\xb3 m\xc3\xa3e ... \xc3\xa9 m\xc3\xa3e, mulher, amiga, companheira e professora!\n\nM\xc3\xa3e \xc3\xa9 tudo!\n\nFeliz dia das m\xc3\xa3es!\n\n#m\xc3\xa3e #FelizDiaDasM\xc3\xa3es #Educadora #Professora #mam\xc3\xa3e #gizbranco'"
"97"; "0"; "0"; "b'Como elaborar um plano de aula? Por onde come\xc3\xa7ar?\n\nGrande parte dos professores j\xc3\xa1 passaram por essas d\xc3\xbavidas ou encontraram dificuldades para elabora\xc3\xa7\xc3\xa3o de alguns planos de aula. \xc3\x89 muito comum termos estas indaga\xc3\xa7\xc3\xb5es ao iniciarmos a organiza\xc3\xa7\xc3\xa3o de projetos e atividades para as aulas.\n\nQuer saber mais sobre o tema? Leia nosso novo artigo no blog da gizbranco.\n\nAcesse: http://bit.ly/plano-de-aula-gizbranco\n\n#PlanoDeAula #Professor #Professores #gizbranco #Prepara\xc3\xa7\xc3\xa3oDeAula #Provas #Quest\xc3\xb5es #Avalia\xc3\xa7\xc3\xb5es'"
"98"; "0"; "0"; "b'Professor, voc\xc3\xaa \xc3\xa9 um her\xc3\xb3i!\n\nJ\xc3\xa1 parou para pensar em quanto tempo voc\xc3\xaa gasta preparando sua aula, criando listas de exerc\xc3\xadcios e provas?\nVoc\xc3\xaa sabia que o professor brasileiro fica quase metade do seu tempo focado em atividades de trabalho fora da sala de aula?! Muito, n\xc3\xa9?\nN\xc3\xb3s, da Equipe gizbranco, queremos ajudar voc\xc3\xaa nessa jornada!\n\nGanhe mais tempo para aproveitar sua vida.\nCom a gizbranco, foque no que importa!\nElaborar provas nunca foi t\xc3\xa3o F\xc3\x81CIL!\nCurta nossa p\xc3\xa1gina e acesse\nhttp://lancamento.gizbranco.com.br/ para saber mais e inscreva-se!\n#gizbranco #plataforma #professor'"
"99"; "0"; "0"; "b'Veja essa lista de 5 filmes que mostram o poder de transforma\xc3\xa7\xc3\xa3o da Pedagogia na forma\xc3\xa7\xc3\xa3o dos indiv\xc3\xadduos.\nOs filmes\n- Preciosa \xe2\x80\x93 Uma hist\xc3\xb3ria de Esperan\xc3\xa7a (2009), - Escritores da Liberdade (2007), - A Voz do Cora\xc3\xa7\xc3\xa3o (2003), - O Sorriso de Monalisa (2003) e - O Aluno (2010)\ndemonstram que, quando em di\xc3\xa1logo com a realidade e comprometida com os estudantes, a Pedagogia tem um alto poder de transforma\xc3\xa7\xc3\xa3o.\nVeja mais sobre os filmes na Netflix e em: http://www.cartaeducacao.com.br/reportagens/5-filmes-da-netflix-retratam-o-valor-da-pedagogia/\n#gizbranco #netflix #filmes #pedagogia #professores'"
"100"; "0"; "0"; "b'A gizbranco \xc3\xa9 uma plataforma educacional para professores que visa auxiliar a cria\xc3\xa7\xc3\xa3o e gest\xc3\xa3o de provas de maneira r\xc3\xa1pida e pr\xc3\xa1tica!\nProfessor, inscreva-se na nossa p\xc3\xa1gina https://gizbranco.com.br/. Aproveite \xc3\xa9 de gra\xc3\xa7a!\n#gizbranco #professor #superprofessores #criarprovas #bancodequestoes #bancodeprovas'"
"101"; "0"; "0"; "b'Segundo a Revista Educa\xc3\xa7\xc3\xa3o, o coordenador pedag\xc3\xb3gico do ensino m\xc3\xa9dio tem um papel muito importante nos projetos voltados ao vestibular. Ele deve atuar como articulador, dando condi\xc3\xa7\xc3\xb5es para que projetos aconte\xc3\xa7am.\n\xe2\x80\x9cOs \xc3\xadndices de aprova\xc3\xa7\xc3\xa3o nos exames, mesmo quando n\xc3\xa3o ocupam posi\xc3\xa7\xc3\xa3o central nos projetos pol\xc3\xadtico-pedag\xc3\xb3gicos das escolas, s\xc3\xa3o alvo de an\xc3\xa1lise e ajudam a implementar iniciativas que complementam prepara\xc3\xa7\xc3\xa3o dos alunos\xe2\x80\x9d, por isso, estar atento aos resultados dos alunos no Enem e nos vestibulares, assim como desenvolver projetos complementares que visem a prepara\xc3\xa7\xc3\xa3o para essas provas s\xc3\xa3o algumas das fun\xc3\xa7\xc3\xb5es que se adicionam \xc3\xa0s outras tantas do coordenador pedag\xc3\xb3gico quando ele atua no ensino m\xc3\xa9dio.\nConfira as iniciativas do Col\xc3\xa9gio Pio XII, Col\xc3\xa9gio Radial, Col\xc3\xa9gio V\xc3\xa9rtice e Escola Vera Cruz e se inspire para colocar em pr\xc3\xa1tica iniciativas similares na sua institui\xc3\xa7\xc3\xa3o de ensino.\nVeja todo o conte\xc3\xbado em: http://www.revistaeducacao.com.br/papel-coordenador-pedagogico-ensino-medio/'"
"102"; "0"; "0"; "b'"A dire\xc3\xa7\xc3\xa3o na qual a educa\xc3\xa7\xc3\xa3o inicia um homem ir\xc3\xa1 determinar sua vida futura." - Plat\xc3\xa3o\xe2\xa0\x80\n\xe2\xa0\x80\n#frases #pensamentos #platao #professor #educacao #vida #gizbranco\xe2\xa0\x80'"
"103"; "0"; "0"; "b'Um novo ano est\xc3\xa1 chegando!\n\nMuitas possibilidades, novos projetos e muitas provas para seus alunos!\nConte com a gizbranco para te ajudar a transformar tudo isso em realidade, com economia de tempo na cria\xc3\xa7\xc3\xa3o de provas e com muita qualidade, do jeito que voc\xc3\xaa sempre imaginou.\nEm 2018 teremos MUITAS novidades, afinal, somos capazes de coisas incr\xc3\xadveis quando estamos conectados!\n\nFELIZ 2018! BOAS FESTAS!\n\n#gizbranco #BoasFestas #Feliz2018 #2018 #Reveillon #AnoNovo #Professores #Escolas #Educa\xc3\xa7\xc3\xa3o'"
"104"; "0"; "0"; "b'"O principal objetivo da educa\xc3\xa7\xc3\xa3o \xc3\xa9 criar pessoas capazes de fazer coisas novas e n\xc3\xa3o simplesmente repetir o que outras gera\xc3\xa7\xc3\xb5es fizeram." - Jean Piaget\xe2\xa0\x80\n#gizbranco #frases #educa\xc3\xa7\xc3\xa3o #pessoascapazes #motiva\xc3\xa7\xc3\xa3o #jeanpiaget'"
"105"; "0"; "0"; "b'Somos 10 mil professores \xf0\x9f\x99\x8c\xf0\x9f\x99\x8c A equipe gizbranco agradece aos milhares de professores que curtem nossa p\xc3\xa1gina e os convida para conhecer melhor a nossa plataforma, uma solu\xc3\xa7\xc3\xa3o para cria\xc3\xa7\xc3\xb5es de prova online, contendo um banco pr\xc3\xb3prio de quest\xc3\xb5es.\n\nQuer conhecer todas as nossas funcionalidades? Fa\xc3\xa7a um teste ainda hoje, de gra\xc3\xa7a!\n\nAcesse https://gizbranco.com.br/ e confira!\n\n#obrigado #10k #facebook #criarprovas #bancodequest\xc3\xb5es #provas #professor #escola #gizbranco'"
"106"; "0"; "0"; "b'Professor, inscreva-se! \xc3\x89 de gra\xc3\xa7a!\n\nCriar provas nunca foi t\xc3\xa3o f\xc3\xa1cil!\n\nAcesse https://gizbranco.com.br e inscreva-se!\n\nN\xc3\xa3o perca tempo!\n#gizbranco #plataformagizbranco #criarprovas'"
"107"; "0"; "0"; "b'Hoje \xc3\xa9 o Dia Internacional da Educa\xc3\xa7\xc3\xa3o! \xf0\x9f\x93\x9a\n\nA data serve para incentivar e conscientizar a popula\xc3\xa7\xc3\xa3o sobre a import\xc3\xa2ncia da educa\xc3\xa7\xc3\xa3o, seja escolar, social ou familiar, para a constru\xc3\xa7\xc3\xa3o de valores essenciais na vida em sociedade e do conv\xc3\xadvio saud\xc3\xa1vel com outros indiv\xc3\xadduos.\n\n#gizbranco #Educa\xc3\xa7\xc3\xa3o #Estudo #Livro #Quest\xc3\xb5es #Prova #Professor #Escola'"
"108"; "0"; "0"; "b'A #gizbranco acredita que provas s\xc3\xa3o muito mais do que instrumentos para "aprovar" ou "reprovar" pois, quando elaborada com precis\xc3\xa3o, uma avalia\xc3\xa7\xc3\xa3o pode ser uma \xc3\xb3tima aliada para produzir um bom diagn\xc3\xb3stico do que a turma aprendeu.\xe2\xa0\x80\n\xe2\xa0\x80\nVoc\xc3\xaa conhece todos os 6 passos que passamos ao desenvolver provas? \xf0\x9f\xa4\x94\xe2\xa0\x80\n\xe2\xa0\x80\nDe maneira geral essas etapas s\xc3\xa3o necess\xc3\xa1rias ... saiba quais s\xc3\xa3o e como otimiz\xc3\xa1-las com a gizbranco!\xe2\xa0\x80\n\xe2\xa0\x80\n\xe2\x9c\x85Leia mais um artigo no nosso blog: OS 6 PASSOS (OTIMIZADOS) PARA CRIAR PROVAS ONLINE.\xe2\xa0\x80\nhttps://blog.gizbranco.com.br/os-6-passos-otimizados-para-criar-provas-online-de-maneira-simples-e-rapida/\xe2\xa0\x80\n\xe2\xa0\x80\nQue tal colocar esses passos em pr\xc3\xa1tica com a gizbranco? \xf0\x9f\x9a\x80\xe2\xa0\x80\n\xe2\xa0\x80\n\xc3\x89 s\xc3\xb3 acessar https://gizbranco.com.br/ e fazer seu login/cadastro e come\xc3\xa7ar a criar a prova perfeita para seus alunos!\xe2\xa0\x80\n\xe2\xa0\x80\n#criarprovas #criaravalia\xc3\xa7\xc3\xb5es #professores #dicasdeprovas #enem\xe2\xa0\x80'"
"109"; "0"; "0"; "b'"Feliz aquele que transfere o que sabe e aprende o que ensina." - Cora Coralina\xe2\xa0\x80\n#gizbranco #educa\xc3\xa7\xc3\xa3o #aprender #ensinar #coracoralina #frases #pensamentos'"
"110"; "0"; "0"; "b'"Se n\xc3\xa3o fosse imperador, desejaria ser professor. N\xc3\xa3o conhe\xc3\xa7o miss\xc3\xa3o maior e mais nobre que a de dirigir as intelig\xc3\xaancias jovens e preparar os homens do futuro." - D. Pedro II\xe2\xa0\x80\n#gizbranco #diadaindependenciadobrasil #independeciadobrasil #dompedroii #frases #professor #futuro\xe2\xa0\x80\n\xe2\xa0\x80'"
"111"; "0"; "0"; "b'Hoje \xc3\xa9 dia do F\xc3\xadsico!\n\nEsta data \xc3\xa9 uma homenagem aos profissionais que se dedicam a estudar a ci\xc3\xaancia que rege todas as a\xc3\xa7\xc3\xb5es, processos e consequ\xc3\xaancias do universo: a f\xc3\xadsica!\n\nParab\xc3\xa9ns professor(a) de F\xc3\xadsica!\nGra\xc3\xa7a aos estudos e pesquisas dos f\xc3\xadsicos, as civiliza\xc3\xa7\xc3\xb5es vivem hoje com uma s\xc3\xa9rie de coisas que revolucionaram completamente o mundo, como a eletricidade, os motores, as geladeiras, celulares, avi\xc3\xb5es, computadores, c\xc3\xa2meras e etc.\n\n#gizbranco #F\xc3\xadsico #F\xc3\xadsica #ProfessorDeF\xc3\xadsica #ProfessoraDeF\xc3\xadsica #Professor #Escola #Educa\xc3\xa7\xc3\xa3o #Ci\xc3\xaancia'"
"112"; "0"; "0"; "b'O Instituto Porvir lan\xc3\xa7ou um guia especial da \xe2\x80\x9cParticipa\xc3\xa7\xc3\xa3o dos estudantes na Escola\xe2\x80\x9d, e tem como objetivo servir de ferramenta para educadores e gestores.\nAtrav\xc3\xa9s de um conte\xc3\xbado din\xc3\xa2mico, aborda temas como protagonismo juvenil e a import\xc3\xa2ncia do engajamento como forma de aprendizagem do aluno, melhora da escola e mudan\xc3\xa7a da sociedade.\nPara aliar teoria e pr\xc3\xa1tica, o Porvir traz quatro etapas a serem trabalhadas para estimular a participa\xc3\xa7\xc3\xa3o: Escuta, Escolha (de propostas dos jovens), Coautoria (para o fomento \xc3\xa0 participa\xc3\xa7\xc3\xa3o) e Corresponsabiliza\xc3\xa7\xc3\xa3o.\nAl\xc3\xa9m disso, mostra seis casos de escolas brasileiras que envolveram os alunos nas decis\xc3\xb5es sobre a escola e quais benef\xc3\xadcios tiveram com essa escolha.\nVeja todo o conte\xc3\xbado em: http://porvir.org/especiais/participacao/'"
